구분,대분류,중분류,소분류,세분류,교육과정,인정시간,학습시간,개발연도,개발월
외국어,영어,영어,자격/시험대비,TOEIC Speaking,[21년 개정] 이지(EASY)경의 Toeic Speaking Level 5 목표 달성 STEP1,5,21,2022,1
외국어,영어,영어,자격/시험대비,TOEIC Speaking,[21년 개정] 이지(EASY)경의 Toeic Speaking Level 5 목표 달성 STEP2,2,12,2022,1
외국어,영어,영어,자격/시험대비,TOEIC Speaking,[21년 개정] 이지(EASY)경의 Toeic Speaking Level 6-7 목표 달성 STEP1,5,18,2022,1
외국어,영어,영어,자격/시험대비,TOEIC Speaking,[21년 개정] 이지(EASY)경의 Toeic Speaking Level 6-7 목표 달성 STEP2,2,9,2022,1
외국어,영어,영어,일반영어,문법(어휘),"마법처럼 풀리는, 왕기초영어 - 문장1",2,20,2022,3
외국어,영어,영어,일반영어,문법(어휘),"마법처럼 풀리는, 왕기초영어 - 문장2",3,20,2022,3
외국어,영어,영어,비즈니스,말하기(회화),[Global Thinking A to Z] 비즈니스 영어 파트너 - 사내업무 및 VOC,7,20,2022,5
외국어,영어,영어,비즈니스,말하기(회화),[Global Thinking A to Z] 비즈니스 영어 파트너 - 사외업무 및 프로젝트 관리,7,20,2022,5
외국어,영어,영어,자격/시험대비,G-telp,OMG(Oh! My G-telp)-퀵 스타터 문법편,8,20,2022,5
외국어,영어,영어,자격/시험대비,G-telp,OMG(Oh! My G-telp)-퀵 스타터 독해편,8,20,2022,5
외국어,영어,영어,자격/시험대비,G-telp,OMG(Oh! My G-telp)-지텔프 보카,8,20,2022,5
외국어,영어,영어,자격/시험대비,G-telp,OMG(Oh! My G-telp)-지텔프43+ 1,8,20,2022,5
외국어,영어,영어,자격/시험대비,G-telp,OMG(Oh! My G-telp)-지텔프43+ 2,8,20,2022,5
외국어,영어,영어,자격/시험대비,G-telp,OMG(Oh! My G-telp)-퀵 지텔프 공식 모의고사 1,8,20,2022,5
외국어,영어,영어,자격/시험대비,G-telp,OMG(Oh! My G-telp)-퀵 지텔프 공식 모의고사 2,8,20,2022,5
외국어,영어,영어,일반영어,읽기(독해),서민지의 한풀이 잉글리쉬 1,10,25,2022,5
외국어,영어,영어,일반영어,읽기(독해),서민지의 한풀이 잉글리쉬 2,10,25,2022,5
외국어,영어,영어,일반영어,어휘(문법),케이티의 한풀이 잉글리쉬 1,10,25,2022,5
외국어,영어,영어,일반영어,어휘(문법),케이티의 한풀이 잉글리쉬 2,10,25,2022,5
외국어,영어,영어,일반영어,말하기(회화),임수진의 한풀이 잉글리쉬 1,10,25,2022,5
외국어,영어,영어,일반영어,말하기(회화),임수진의 한풀이 잉글리쉬 2,10,25,2022,5
외국어,영어,영어,일반영어,말하기(회화),[영어로 세계 속으로] 방구석 클래스 with 내셔널 지오그래픽 시즌1,3,15,2022,9
외국어,영어,영어,일반영어,말하기(회화),[영어로 세계 속으로] 방구석 클래스 with 내셔널 지오그래픽 시즌2,3,15,2022,9
외국어,영어,영어,비즈니스,말하기(회화),[FORTUNE English] 비즈니스 영어 매거진 Vol. 1,3,12,2022,9
외국어,영어,영어,비즈니스,말하기(회화),[FORTUNE English] 비즈니스 영어 매거진 Vol. 2,3,12,2022,9
외국어,영어,영어,비즈니스,말하기(회화),[FORTUNE English] 비즈니스 영어 매거진 Vol. 3,3,12,2022,9
외국어,영어,영어,비즈니스,말하기(회화),[FORTUNE English] 비즈니스 영어 매거진 Vol. 4,3,12,2022,11
외국어,영어,영어,비즈니스,말하기(회화),[FORTUNE English] 비즈니스 영어 매거진 Vol. 5,4,12,2022,11
외국어,영어,영어,일반영어,읽기(독해),서민지의 한풀이 잉글리쉬 시즌2-1,10,25,2022,11
외국어,영어,영어,일반영어,읽기(독해),서민지의 한풀이 잉글리쉬 시즌2-2,10,25,2022,11
외국어,영어,영어,일반영어,문법(어휘),케이티의 한풀이 잉글리쉬 시즌2-1,10,25,2022,11
외국어,영어,영어,일반영어,문법(어휘),케이티의 한풀이 잉글리쉬 시즌2-2,10,25,2022,11
외국어,영어,영어,일반영어,말하기(회화),임수진의 한풀이 잉글리쉬 시즌2-1,10,25,2022,11
외국어,영어,영어,일반영어,말하기(회화),임수진의 한풀이 잉글리쉬 시즌2-2,10,25,2022,11
외국어,영어,영어,비즈니스,말하기(회화),[FORTUNE English] 비즈니스 영어 매거진 Vol. 6,3,12,2023,2
외국어,영어,영어,비즈니스,말하기(회화),[FORTUNE English] 비즈니스 영어 매거진 Vol. 7,3,12,2023,2
외국어,영어,영어,비즈니스,말하기(회화),현장에서 바로 쓰는 금융 실무 영어 English for Finance STEP1,5,20,2023,2
외국어,영어,영어,일반영어,말하기(회화),[시원스쿨] 진짜학습지 영어 실전회화 2-1,6,30,2022,1
외국어,영어,영어,일반영어,말하기(회화),[시원스쿨] 진짜학습지 영어 실전회화 2-2,6,30,2022,1
외국어,영어,영어,일반영어,말하기(회화),[시원스쿨] 진짜학습지 영어 실전회화 2-3,6,30,2022,1
외국어,영어,영어,일반영어,말하기(회화),[시원스쿨] 진짜학습지 영어 실전회화 2-4,4,20,2022,1
외국어,영어,영어,일반영어,말하기(회화),[시원스쿨] 진짜학습지 영어 실전회화 2-5,4,20,2022,1
외국어,영어,영어,자격/시험대비,TOEIC,속시원한 토익펀치 LC 1,12,25,2023,2
외국어,영어,영어,자격/시험대비,TOEIC,속시원한 토익펀치 LC 2,12,25,2023,2
외국어,영어,영어,자격/시험대비,TOEIC,속시원한 토익펀치 RC 1,12,25,2023,2
외국어,영어,영어,자격/시험대비,TOEIC,속시원한 토익펀치 RC 2,12,25,2023,2
외국어,영어,영어,비즈니스,말하기(회화),현장에서 바로 쓰는 금융 실무 영어 English for Finance STEP2,5,20,2023,5
외국어,영어,영어,비즈니스,말하기(회화),[FORTUNE English] 비즈니스 영어 매거진 Vol. 8,3,12,2023,2
외국어,영어,영어,비즈니스,말하기(회화),[FORTUNE English] 비즈니스 영어 매거진 Vol. 9,3,12,2023,2
외국어,영어,영어,일반영어,말하기(회화),[시원스쿨] 네이티브만 아는 진짜영어 - 소통패턴 100 part 1,3,20,2022,1
외국어,영어,영어,일반영어,말하기(회화),[시원스쿨] 네이티브만 아는 진짜영어 - 소통패턴 100 part 2,3,20,2022,1
외국어,영어,영어,일반영어,말하기(회화),[시원스쿨] 네이티브만 아는 진짜영어 - 소통패턴 100 part 3,3,20,2022,1
외국어,영어,영어,일반영어,말하기(회화),[시원스쿨] 네이티브만 아는 진짜영어 - 소통패턴 100 part 4,3,20,2022,1
외국어,영어,영어,일반영어,말하기(회화),[시원스쿨] 네이티브만 아는 진짜영어 - 소통패턴 100 part 5,3,20,2022,1
외국어,영어,영어,일반영어,말하기(회화),[시원스쿨] 미국식 실전 영어 훈련소 3-1,2,15,2022,1
외국어,영어,영어,일반영어,말하기(회화),[시원스쿨] 미국식 실전 영어 훈련소 3-2,2,15,2022,1
외국어,영어,영어,일반영어,말하기(회화),바로 써먹는 상황별 Travel Tips,4,20,2023,7
외국어,영어,영어,일반영어,말하기(회화),김일승의 영어 발음 연구소 1,6,25,2023,7
외국어,영어,영어,일반영어,말하기(회화),김일승의 영어 발음 연구소 2,6,25,2023,7
외국어,영어,영어,일반영어,말하기(회화),50 Days Travel Shorts 1,3,25,2023,7
외국어,영어,영어,일반영어,말하기(회화),50 Days Travel Shorts 2,3,25,2023,7
외국어,영어,영어,일반영어,말하기(회화),영어 6개월 배워서 나홀로 여행가기,2,10,2022,3
외국어,영어,영어,일반영어,말하기(회화),[시원스쿨] 뉴욕 랜선 여행 속에서 배우는 진짜 여행 영어,4,26,2023,5
외국어,영어,영어,일반영어,듣기(청취),The Storyhouse ASMR - Around the World in 80 Days - 1,4,20,2023,7
외국어,영어,영어,일반영어,듣기(청취),The Storyhouse ASMR - Around the World in 80 Days - 2,4,20,2023,7
외국어,영어,영어,비즈니스,말하기(회화),[FORTUNE English] 비즈니스 영어 매거진 ChatGPT Edition,4,12,2023,9
외국어,영어,영어,자격/시험대비,G-telp,OMG(Oh! My G-telp)-실전 기출 유형 1,9,20,2023,7
외국어,영어,영어,자격/시험대비,G-telp,OMG(Oh! My G-telp)-실전 기출 유형 2,7,15,2023,7
외국어,영어,영어,자격/시험대비,G-telp,OMG(Oh! My G-telp)-영역별 기출 유형 1,11,25,2023,2
외국어,영어,영어,자격/시험대비,G-telp,OMG(Oh! My G-telp)-영역별 기출 유형 2,11,25,2023,2
외국어,영어,영어,자격/시험대비,G-telp,OMG(Oh! My G-telp)-지텔프 보카 시즌2,6,15,2023,2
외국어,영어,영어,자격/시험대비,G-telp,OMG(Oh! My G-telp)-Final 실전 1,9,21,2023,2
외국어,영어,영어,자격/시험대비,G-telp,OMG(Oh! My G-telp)-Final 실전 2,8,20,2023,7
외국어,영어,영어,자격/시험대비,G-telp,OMG(Oh! My G-telp)-Final 실전 3,8,19,2023,7
외국어,영어,영어,일반영어,말하기(회화),매일 3문장으로 떠나는 실전 여행 영어,3,17,2022,10
외국어,영어,영어,일반영어,말하기(회화),실전에 쓰이는 여행 영어 [1편],2,11,2022,10
외국어,영어,영어,일반영어,말하기(회화),실전에 쓰이는 여행 영어 [2편],2,11,2022,10
외국어,영어,영어,일반영어,말하기(회화),실전에 쓰이는 여행 영어 [3편],2,11,2022,10
외국어,영어,영어,일반영어,말하기(회화),실전에 쓰이는 여행 영어 [4편],2,11,2022,11
외국어,영어,영어,일반영어,말하기(회화),원어민 회화를 그대로! 영어 회화 1일 1표현,1,21,2022,8
외국어,영어,영어,일반영어,말하기(회화),[영어로 세계 속으로] 방구석 클래스 with 테드 1-1,4,20,2023,10
외국어,영어,영어,일반영어,말하기(회화),[영어로 세계 속으로] 방구석 클래스 with 테드 1-2,4,20,2023,10
외국어,영어,영어,일반영어,말하기(회화),[영어로 세계 속으로] 방구석 클래스 with 테드 2-1,4,20,2023,10
외국어,영어,영어,일반영어,말하기(회화),[영어로 세계 속으로] 방구석 클래스 with 테드 2-2,4,20,2023,10
외국어,영어,영어,비즈니스,말하기(회화),[FORTUNE English] 비즈니스 영어 매거진 Apple Edition,4,12,2023,11
외국어,영어,영어,일반영어,말하기(회화),HELLO! 미국 영어 vs 영국 영어 (feat. 영국 문화),2,10,2022,7
외국어,영어,영어,비즈니스,말하기(회화),HELLO! 업무에서 자주 쓰이는 비즈니스 영어 모음,3,16,2022,7
외국어,영어,영어,일반영어,문법(어휘),어휘 속 한 끗 뉘앙스 1,14,35,2024,1
외국어,영어,영어,일반영어,문법(어휘),어휘 속 한 끗 뉘앙스 2,14,35,2024,1
외국어,영어,영어,일반영어,문법(어휘),회화 속 한 끗 문법 1,6,15,2024,1
외국어,영어,영어,일반영어,문법(어휘),회화 속 한 끗 문법 2,5,15,2024,1
외국어,영어,영어,일반영어,말하기(회화),Face Talk Talk [페이스 톡톡] 1,6,30,2024,1
외국어,영어,영어,일반영어,말하기(회화),Face Talk Talk [페이스 톡톡] 2,6,30,2024,1
외국어,영어,영어,일반영어,말하기(회화),진짜 영어회화 Real Life Talk 1,4,25,2024,1
외국어,영어,영어,일반영어,말하기(회화),진짜 영어회화 Real Life Talk 2,5,25,2024,1
외국어,영어,영어,일반영어,말하기(회화),트렌디한 MZ 영어 GEN Z English 1,5,25,2024,1
외국어,영어,영어,일반영어,말하기(회화),트렌디한 MZ 영어 GEN Z English 2,5,25,2024,1
외국어,영어,영어,자격/시험대비,TOEIC,[시원스쿨] 처음토익 기초 영문법 step1,6,21,2024,3
외국어,영어,영어,자격/시험대비,TOEIC,[시원스쿨] 처음토익 기초 영문법 step2,6,20,2024,3
외국어,영어,영어,자격/시험대비,TOEIC Speaking,[시원스쿨] 토익스피킹 IM-IH,9,34,2022,6
외국어,영어,영어,자격/시험대비,TOEIC Speaking,[시원스쿨] 토익스피킹 IH-AL,9,30,2022,6
외국어,영어,영어,자격/시험대비,TOEIC Speaking,[시원스쿨] 토익스피킹 실전 모의고사 10회,8,22,2022,6
외국어,영어,영어,자격/시험대비,G-telp,[시원스쿨] 최신 지텔프 기출 문법 문제풀이,6,29,2025,1
외국어,영어,영어,자격/시험대비,G-telp,[시원스쿨] 최신 지텔프 기출 문법 이론강의,8,34,2025,1
외국어,영어,영어,비즈니스,말하기(회화),[내셔널지오그래픽러닝] 현장에서 바로 쓰는 의료 실무 영어 1,6,24,2024,3
외국어,영어,영어,비즈니스,말하기(회화),[내셔널지오그래픽러닝] 현장에서 바로 쓰는 의료 실무 영어 2,5,24,2024,3
외국어,영어,영어,일반영어,말하기(회화),현지에서 바로 통하는 하루 10분 맛있는 여행 영어 1,4,15,2024,1
외국어,영어,영어,일반영어,말하기(회화),현지에서 바로 통하는 하루 10분 맛있는 여행 영어 2,3,15,2024,1
외국어,영어,영어,일반영어,어휘(문법),Guess The Word 왓츠 댓 잉글리쉬 1,9,25,2024,3
외국어,영어,영어,일반영어,어휘(문법),Guess The Word 왓츠 댓 잉글리쉬 2,9,25,2024,3
외국어,영어,영어,일반영어,문법(어휘),상황 속 한 끗 표현 1,3,20,2024,3
외국어,영어,영어,일반영어,문법(어휘),상황 속 한 끗 표현 2,4,20,2024,3
외국어,영어,영어,일반영어,듣기(청취),영어로 읽어주는 미술관 1,6,25,2024,3
외국어,영어,영어,일반영어,듣기(청취),영어로 읽어주는 미술관 2,6,25,2024,3
외국어,영어,영어,비즈니스,말하기(회화),"[비즈니스 영어회화] 누적강의 1,500회 SK, 크래프톤 등 대기업 전담 코치의 직장인 영어",5,33,2023,6
외국어,영어,영어,일반영어,어휘(문법),"영어, 글쓰기와 말하기를 위한 어휘 집중 교실1",11,32,2023,4
외국어,영어,영어,일반영어,어휘(문법),"영어, 글쓰기와 말하기를 위한 어휘 집중 교실2",9,32,2024,1
외국어,영어,영어,자격/시험대비,G-telp,WOW! G-TELP 단기완성반 - 문법,7,12,2023,1
외국어,영어,영어,자격/시험대비,G-telp,WOW! G-TELP 단기완성반 - 독해,5,9,2023,1
외국어,영어,영어,일반영어,문법(어휘),[꼭짓점 토익 저자 직강] 영포자 맞춤식 기초 영문법,8,20,2022,6
외국어,영어,영어,자격/시험대비,TOEIC,[꼭짓점 토익 저자 직강] 600+ TOEIC LC 초급,16,40,2024,1
외국어,영어,영어,자격/시험대비,TOEIC,[꼭짓점 토익 저자 직강] 600+ TOEIC RC 초급,18,40,2024,5
외국어,영어,영어,자격/시험대비,TOEIC,[꼭짓점 토익 저자 직강] 750+ TOEIC LC 중급,18,40,2024,1
외국어,영어,영어,자격/시험대비,TOEIC,[꼭짓점 토익 저자 직강] 750+ TOEIC RC 중급,22,40,2024,4
외국어,영어,영어,자격/시험대비,TOEIC,[꼭짓점 토익 저자 직강] 토익 기출의 재구성 LC,26,40,2022,7
외국어,영어,영어,자격/시험대비,TOEIC,[꼭짓점 토익 저자 직강] 토익 기출의 재구성 파트 5+6,24,41,2024,1
외국어,영어,영어,자격/시험대비,TOEIC,[꼭짓점 토익 저자 직강] 토익 기출의 재구성 파트 6,13,20,2022,7
외국어,영어,영어,자격/시험대비,TOEIC,[꼭짓점 토익 저자 직강] 토익 기출의 재구성 파트 7,19,30,2022,7
외국어,영어,영어,자격/시험대비,TOEIC,[꼭짓점 토익 저자 직강] 토익 스피킹 기출의 재구성,4,16,2023,1
외국어,영어,영어,자격/시험대비,TOEIC,[꼭짓점 토익 저자 직강] 토익 기출의 재구성 파트 5,21,27,2023,1
외국어,영어,영어,자격/시험대비,TOEIC,[시원스쿨] 실전토익 900+ 이론강의,11,22,2024,6
외국어,영어,영어,자격/시험대비,TOEIC,[시원스쿨] 실전토익 900+ 해설강의,11,21,2024,6
외국어,영어,영어,일반영어,읽기(독해),[빨강머리 앤] 명작 원서 읽기로 완성하는 네이티브 성인 영어 플랜 1,18,30,2023,10
외국어,영어,영어,일반영어,읽기(독해),[빨강머리 앤] 명작 원서 읽기로 완성하는 네이티브 성인 영어 플랜 2,16,29,2023,10
외국어,영어,영어,일반영어,읽기(독해),[빨강머리 앤] 명작 원서 읽기로 완성하는 네이티브 성인 영어 플랜 3,17,30,2023,10
외국어,영어,영어,일반영어,읽기(독해),[빨강머리 앤] 명작 원서 읽기로 완성하는 네이티브 성인 영어 플랜 4,19,32,2023,10
외국어,영어,영어,일반영어,읽기(독해),[빨강머리 앤] 명작 원서 읽기로 완성하는 네이티브 성인 영어 플랜 5,18,28,2023,10
외국어,영어,영어,일반영어,말하기(회화),[영어로 세계 속으로] 방구석 클래스 with 내셔널 지오그래픽 시즌3,3,15,2024,10
외국어,영어,영어,일반영어,말하기(회화),[영어로 세계 속으로] 방구석 클래스 with 내셔널 지오그래픽 시즌4,3,15,2024,10
외국어,영어,영어,자격/시험대비,TOEIC,[꼭짓점 토익 저자 직강] 2024 토익 최신 기출의 재구성 파트 5+6 PART.1,24,48,2024,9
외국어,영어,영어,자격/시험대비,OPIC,첫걸음 오픽 AL(1급) - STEP1,3,15,2024,9
외국어,영어,영어,자격/시험대비,OPIC,첫걸음 오픽 AL(1급) - STEP2,3,15,2024,9
외국어,영어,영어,자격/시험대비,OPIC,첫걸음 오픽 IH(2급) - STEP1,2,15,2024,9
외국어,영어,영어,자격/시험대비,OPIC,첫걸음 오픽 IH(2급) - STEP2,2,15,2024,9
외국어,영어,영어,자격/시험대비,OPIC,첫걸음 오픽 IM(3급) - STEP1,2,15,2024,9
외국어,영어,영어,자격/시험대비,OPIC,첫걸음 오픽 IM(3급) - STEP2,2,15,2024,9
외국어,영어,영어,자격/시험대비,TOEIC Speaking,첫걸음 토익 스피킹 초중급 (110~150점) - STEP1,2,15,2024,9
외국어,영어,영어,자격/시험대비,TOEIC Speaking,첫걸음 토익 스피킹 초중급 (110~150점) - STEP2,2,15,2024,9
외국어,영어,영어,자격/시험대비,TOEIC Speaking,첫걸음 토익 스피킹 중고급 (160점 이상) - STEP1,2,15,2024,9
외국어,영어,영어,자격/시험대비,TOEIC Speaking,첫걸음 토익 스피킹 중고급 (160점 이상) - STEP2,2,15,2024,9
외국어,일본어,일본어,일반일본어,말하기(회화),노지영 선생님의 미라클 랭귀지 일본어편 1,10,20,2023,2
외국어,일본어,일본어,일반일본어,말하기(회화),노지영 선생님의 미라클 랭귀지 일본어편 2,10,20,2023,2
외국어,일본어,일본어,일반일본어,말하기(회화),노지영 선생님의 미라클 랭귀지 일본어편 3,10,20,2023,2
외국어,일본어,일본어,일반일본어,말하기(회화),노지영 선생님의 미라클 랭귀지 일본어편 4,10,20,2023,2
외국어,일본어,일본어,일반일본어,말하기(회화),노지영 선생님의 미라클 랭귀지 일본어편 5,10,20,2023,2
외국어,일본어,일본어,자격/시험대비,SJPT,NEW 통하다 톡하다 SJPT 모의고사,5,21,2023,4
외국어,일본어,일본어,자격/시험대비,JLPT,한번에 합격! JLPT 기초,3,15,2023,4
외국어,일본어,일본어,자격/시험대비,JLPT,한번에 합격! 실전모의고사 JLPT N1,5,21,2023,4
외국어,일본어,일본어,자격/시험대비,JLPT,한번에 합격! 실전모의고사 JLPT N2,5,21,2023,4
외국어,일본어,일본어,자격/시험대비,JLPT,한번에 합격! 실전모의고사 JLPT N3,5,19,2023,4
외국어,일본어,일본어,자격/시험대비,JPT,최상위 실전 모의고사 JPT 450,6,19,2023,4
외국어,일본어,일본어,자격/시험대비,JPT,최상위 실전 모의고사 JPT 600,5,19,2023,4
외국어,일본어,일본어,자격/시험대비,JPT,최상위 실전 모의고사 JPT 800,6,19,2023,4
외국어,일본어,일본어,일반일본어,말하기(회화),[시원스쿨] 진짜학습지 일본어 첫걸음 1,3,16,2022,10
외국어,일본어,일본어,일반일본어,말하기(회화),[시원스쿨] 진짜학습지 일본어 첫걸음 2,2,13,2022,10
외국어,일본어,일본어,일반일본어,말하기(회화),[시원스쿨] 진짜학습지 일본어 첫걸음 3,2,15,2022,10
외국어,일본어,일본어,일반일본어,말하기(회화),[시원스쿨] 진짜학습지 일본어 첫걸음 4,2,16,2022,10
외국어,일본어,일본어,일반일본어,말하기(회화),[시원스쿨] 진짜학습지 일본어 스텝업 1,3,15,2022,10
외국어,일본어,일본어,일반일본어,말하기(회화),[시원스쿨] 진짜학습지 일본어 스텝업 2,2,15,2022,10
외국어,일본어,일본어,일반일본어,말하기(회화),[시원스쿨] 진짜학습지 일본어 스텝업 3,3,15,2022,10
외국어,일본어,일본어,일반일본어,말하기(회화),[시원스쿨] 진짜학습지 일본어 스텝업 4,2,16,2022,10
외국어,일본어,일본어,일반일본어,말하기(회화),일본 여행을 위한 실전 회화 즐겁고 쉽게 배우기,2,12,2022,1
외국어,일본어,일본어,일반일본어,말하기(회화),일본 여행 시 필수로 알아야 할 용어 익히고 여행 목적 100% 이루기,1,6,2022,7
외국어,일본어,일본어,일반일본어,말하기(회화),일본어 기초 문법에서 회화까지 쉽고 빠르게 배우기,2,11,2022,1
외국어,일본어,일본어,자격/시험대비,SJPT,NEW 통하다 톡하다 SJPT 심화(파트 1~4) 1,4,25,2023,10
외국어,일본어,일본어,자격/시험대비,SJPT,NEW 통하다 톡하다 SJPT 심화(파트 5~7) 2,4,20,2023,10
외국어,일본어,일본어,일반일본어,말하기(회화),OHAYO! 일본어 첫걸음,3,16,2022,7
외국어,일본어,일본어,일반일본어,문법(어휘),OHAYO! 일본어 기초 마스터 - 발음 문법 패턴,3,15,2022,7
외국어,일본어,일본어,일반일본어,말하기(회화),OHAYO! 일본어 기초 마스터 - 어휘 회화 작문,4,16,2022,7
외국어,일본어,일본어,일반일본어,말하기(회화),현지에서 바로 통하는 하루 10분 맛있는 여행 일본어 1,4,15,2024,1
외국어,일본어,일본어,일반일본어,말하기(회화),현지에서 바로 통하는 하루 10분 맛있는 여행 일본어 2,3,15,2024,1
외국어,일본어,일본어,일반일본어,말하기(회화),엄진희 선생님의 기초 일본어 회화,9,35,2023,4
외국어,일본어,일본어,일반일본어,말하기(회화),엄진희 선생님의 중급 일본어 회화,6,21,2023,7
외국어,일본어,일본어,일반일본어,말하기(회화),엄진희 선생님의 Level Up! 중급 일본어 회화,5,21,2023,12
외국어,일본어,일본어,일반일본어,말하기(회화),송이 쌤과 떠나는 여행일본어 -도쿄편-,10,19,2023,8
외국어,일본어,일본어,자격/시험대비,JLPT,JLPT N1 30일 완성,12,26,2023,4
외국어,일본어,일본어,자격/시험대비,JLPT,핵심공략 JLPT N3 모의고사 독해편,4,11,2022,12
외국어,일본어,일본어,자격/시험대비,JLPT,핵심공략 JLPT N3 모의고사 문법편,4,11,2022,12
외국어,일본어,일본어,자격/시험대비,JLPT,핵심공략 JLPT N3 모의고사 문자어휘편,5,11,2022,12
외국어,일본어,일본어,자격/시험대비,JLPT,핵심공략 JLPT N3 모의고사 청해편,7,16,2022,12
외국어,일본어,일본어,일반일본어,말하기(회화),[시원스쿨] 진짜 여행 일본어,5,21,2024,8
외국어,일본어,일본어,자격/시험대비,JLPT,[25년 업데이트] 20일 완성 新JLPT 상상 N1(독해),13,28,2024,6
외국어,일본어,일본어,자격/시험대비,JLPT,[25년 업데이트] 20일 완성 新JLPT 상상 N1(문법),11,26,2024,6
외국어,일본어,일본어,자격/시험대비,JLPT,[25년 업데이트] 20일 완성 新JLPT 상상 N1(문자어휘),11,27,2024,6
외국어,일본어,일본어,자격/시험대비,JLPT,[25년 업데이트] 20일 완성 新JLPT 상상 N1(청해),9,16,2024,6
외국어,일본어,일본어,자격/시험대비,JLPT,[25년 업데이트] 20일 완성 新JLPT 상상 N2(독해),12,26,2024,6
외국어,일본어,일본어,자격/시험대비,JLPT,[25년 업데이트] 20일 완성 新JLPT 상상 N2(문법),9,27,2024,6
외국어,일본어,일본어,자격/시험대비,JLPT,[25년 업데이트] 20일 완성 新JLPT 상상 N2(문자어휘),10,26,2024,6
외국어,일본어,일본어,자격/시험대비,JLPT,[25년 업데이트] 20일 완성 新JLPT 상상 N2(청해),9,16,2024,6
외국어,일본어,일본어,자격/시험대비,JLPT,[25년 업데이트] 20일 완성 新JLPT 상상 N3(독해),8,19,2024,6
외국어,일본어,일본어,자격/시험대비,JLPT,[25년 업데이트] 20일 완성 新JLPT 상상 N3(문법),8,23,2024,6
외국어,일본어,일본어,자격/시험대비,JLPT,[25년 업데이트] 20일 완성 新JLPT 상상 N3(문자어휘),9,25,2024,6
외국어,일본어,일본어,자격/시험대비,JLPT,[25년 업데이트] 20일 완성 新JLPT 상상 N3(청해),9,18,2024,6
외국어,일본어,일본어,독해,듣기(청취),하루 10분! 일본어 읽기의 힘 Step1,2,16,2024,6
외국어,일본어,일본어,독해,듣기(청취),하루 10분! 일본어 읽기의 힘 Step2,2,15,2024,6
외국어,일본어,일본어,말하기(회화),어휘(문법),"(여행일본어) 여기 어때, 일본 맛집멋집 핫플레이스 - 교토 & 오사카 외",3,19,2024,1
외국어,일본어,일본어,말하기(회화),어휘(문법),"(여행일본어) 여기 어때, 일본 맛집멋집 핫플레이스 - 도쿄 외",3,17,2024,1
외국어,일본어,일본어,말하기(회화),어휘(문법),"(여행일본어) 여기 어때, 일본 맛집멋집 핫플레이스 - 훗카이도 & 도호쿠 외",3,17,2024,1
외국어,일본어,일본어,말하기(회화),어휘(문법),[다시일] 다시 시작하는 일본어회화 중급,7,20,2023,10
외국어,일본어,일본어,말하기(회화),어휘(문법),[다시일] 다시 시작하는 일본어회화 초급 Step1,4,14,2023,10
외국어,일본어,일본어,말하기(회화),어휘(문법),[다시일] 다시 시작하는 일본어회화 초급 Step2,5,17,2023,10
외국어,일본어,일본어,비즈니스,어휘(문법),핫크리스탈 센세 사무실에서 자주 쓰는 비즈니스일본어 8주만에 끝내기 (기본표현편),3,15,2022,7
외국어,일본어,일본어,비즈니스,어휘(문법),"핫크리스탈 센세 사무실에서 자주 쓰는 비즈니스일본어 8주만에 끝내기 (전화,이메일편)",5,20,2022,7
외국어,일본어,일본어,비즈니스,어휘(문법),"핫크리스탈 센세 사무실에서 자주 쓰는 비즈니스일본어 8주만에 끝내기 (회의,회식편)",3,18,2022,7
외국어,일본어,일본어,자격/시험대비,JLPT,답이 바로 들리는 퀵 JLPT N1 - 청해,6,16,2022,9
외국어,일본어,일본어,자격/시험대비,JLPT,답이 바로 들리는 퀵 JLPT N2 - 청해,4,16,2022,9
외국어,일본어,일본어,자격/시험대비,JLPT,답이 바로 들리는 퀵 JLPT N3 - 청해,3,16,2022,9
외국어,일본어,일본어,자격/시험대비,JLPT,답이 바로 보이는 퀵 JLPT N1 - 문법,5,21,2022,9
외국어,일본어,일본어,자격/시험대비,JLPT,답이 바로 보이는 퀵 JLPT N2 - 문법,5,21,2022,9
외국어,일본어,일본어,자격/시험대비,JLPT,답이 바로 보이는 퀵 JLPT N3 - 문법,2,11,2022,9
외국어,일본어,일본어,자격/시험대비,JLPT,답이 바로 읽히는 퀵 JLPT N1 - 문자어휘,5,21,2022,9
외국어,일본어,일본어,자격/시험대비,JLPT,답이 바로 읽히는 퀵 JLPT N2 - 문자어휘,5,21,2022,9
외국어,일본어,일본어,자격/시험대비,JLPT,답이 바로 읽히는 퀵 JLPT N3 - 문자어휘,6,21,2022,9
외국어,일본어,일본어,자격/시험대비,JLPT,답이 바로 풀리는 퀵 JLPT N1 - 독해,6,25,2022,9
외국어,일본어,일본어,자격/시험대비,JLPT,답이 바로 풀리는 퀵 JLPT N2 - 독해,5,22,2022,9
외국어,일본어,일본어,자격/시험대비,JLPT,답이 바로 풀리는 퀵 JLPT N3 - 독해,3,16,2022,9
외국어,일본어,일본어,자격/시험대비,JLPT,답이 바로 풀리는 퀵 JLPT N4,5,20,2023,9
외국어,일본어,일본어,자격/시험대비,JLPT,답이 바로 풀리는 퀵 JLPT N5,5,18,2023,9
외국어,일본어,일본어,자격/시험대비,JLPT,답이 바로 나오는 퀵 SJPT Step 1,4,12,2022,9
외국어,일본어,일본어,자격/시험대비,JLPT,답이 바로 나오는 퀵 SJPT Step 2,4,12,2022,9
외국어,일본어,일본어,자격/시험대비,JPT,점수를 확 올려주는 JPT 급소포인트,13,30,2022,3
외국어,중국어,중국어,일반중국어,말하기(회화),[시원스쿨] 진짜학습지 중국어 발음편,3,16,2022,1
외국어,중국어,중국어,일반중국어,말하기(회화),[시원스쿨] 진짜학습지 중국어 기초편 1,2,13,2022,1
외국어,중국어,중국어,일반중국어,말하기(회화),[시원스쿨] 진짜학습지 중국어 기초편 2,3,13,2022,1
외국어,중국어,중국어,일반중국어,말하기(회화),[시원스쿨] 진짜학습지 중국어 기초편 3,3,13,2022,1
외국어,중국어,중국어,일반중국어,말하기(회화),[시원스쿨] 진짜학습지 중국어 기초편 4,3,13,2022,1
외국어,중국어,중국어,일반중국어,말하기(회화),티엔 선생님의 미라클 랭귀지 중국어편 1,10,20,2023,2
외국어,중국어,중국어,일반중국어,말하기(회화),티엔 선생님의 미라클 랭귀지 중국어편 2,10,20,2023,2
외국어,중국어,중국어,일반중국어,말하기(회화),티엔 선생님의 미라클 랭귀지 중국어편 3,10,20,2023,2
외국어,중국어,중국어,일반중국어,말하기(회화),티엔 선생님의 미라클 랭귀지 중국어편 4,10,20,2023,2
외국어,중국어,중국어,일반중국어,말하기(회화),티엔 선생님의 미라클 랭귀지 중국어편 5,10,20,2023,2
외국어,중국어,중국어,일반중국어,말하기(회화),맛있는 중국어 발음클리닉,2,10,2022,6
외국어,중국어,중국어,일반중국어,중국어,스피드 중국어,3,17,2022,12
외국어,중국어,중국어,일반중국어,중국어,하루에 하나씩 배우는 하루 배움 중국어 1. 병음 편,4,15,2022,12
외국어,중국어,중국어,일반중국어,중국어,하루에 하나씩 배우는 하루 배움 중국어 2. 표현 편(1),8,22,2022,12
외국어,중국어,중국어,일반중국어,중국어,하루에 하나씩 배우는 하루 배움 중국어 3. 표현 편(2),15,28,2022,12
외국어,중국어,중국어,일반중국어,중국어,하루에 하나씩 배우는 하루 배움 중국어 4. 표현 편(3),10,19,2022,12
외국어,중국어,중국어,자격/시험대비,HSK,NIHAO! HSK 독해 스타터(1~4급),3,10,2022,7
외국어,중국어,중국어,자격/시험대비,HSK,NIHAO! HSK 어휘 스타터(1~3급),5,20,2022,7
외국어,중국어,중국어,일반중국어,말하기(회화),NIHAO! 대륙의 생활 탐구 현지 중국어,3,10,2022,7
외국어,중국어,중국어,일반중국어,말하기(회화),조혜숙의 한글로 배우는 중국어 3-1,9,30,2022,3
외국어,중국어,중국어,일반중국어,말하기(회화),조혜숙의 한글로 배우는 중국어 3-2,9,30,2022,3
외국어,중국어,중국어,자격/시험대비,HSK,조혜숙의 HSK 3급 완전타파 1_듣기타파,9,20,2023,9
외국어,중국어,중국어,자격/시험대비,HSK,조혜숙의 HSK 3급 완전타파 2_독해타파,9,20,2023,9
외국어,중국어,중국어,자격/시험대비,HSK,조혜숙의 HSK 3급 완전타파 3_쓰기타파,9,20,2023,9
외국어,중국어,중국어,일반중국어,말하기(회화),현지에서 바로 통하는 하루 10분 맛있는 여행 중국어 1,3,15,2024,1
외국어,중국어,중국어,일반중국어,말하기(회화),현지에서 바로 통하는 하루 10분 맛있는 여행 중국어 2,3,15,2024,1
외국어,중국어,중국어,일반중국어,말하기(회화),1일 1문장 중국어 명문장 마스터하기 1,2,30,2024,1
외국어,중국어,중국어,일반중국어,말하기(회화),1일 1문장 중국어 명문장 마스터하기 2,3,30,2024,1
외국어,중국어,중국어,일반중국어,말하기(회화),1일 1문장 중국어 명문장 마스터하기 3,2,30,2024,1
외국어,중국어,중국어,일반중국어,말하기(회화),뉴스로 배우는 시사 중국어,3,20,2024,1
외국어,중국어, 중국어 ,일반중국어, 비즈니스 ,실전 4주완성! 탄탄 비즈니스 기본 중국어 Step 1,5,16,2023,9
외국어,중국어, 중국어 ,일반중국어, 비즈니스 ,실전 4주완성! 탄탄 비즈니스 기본 중국어 Step 2,5,16,2023,9
외국어,중국어, 중국어 ,일반중국어, 비즈니스 ,실전 4주완성! 탄탄 비즈니스 기초 중국어 Step 1,4,16,2023,9
외국어,중국어, 중국어 ,일반중국어, 비즈니스 ,실전 4주완성! 탄탄 비즈니스 기초 중국어 Step 2,5,16,2023,9
외국어,중국어, 중국어 ,일반중국어, 비즈니스 ,실전 4주완성! 탄탄 비즈니스 중급 중국어 Step 1,5,16,2023,9
외국어,중국어, 중국어 ,일반중국어, 비즈니스 ,실전 4주완성! 탄탄 비즈니스 중급 중국어 Step 2,4,16,2023,9
외국어,중국어, 중국어 ,일반중국어, 비즈니스 ,칭따오 비즈니스 중국어 회화 Step 1,6,17,2023,9
외국어,중국어, 중국어 ,일반중국어, 비즈니스 ,칭따오 비즈니스 중국어 회화 Step 2,5,15,2023,9
외국어,중국어, 중국어 ,자격/시험대비,HSK,답이 바로 들리는 퀵 HSK3급 기출문제풀이 듣기편,11,20,2023,9
외국어,중국어, 중국어 ,자격/시험대비,HSK,답이 바로 들리는 퀵 HSK4급 기출문제풀이 듣기편,2,10,2023,9
외국어,중국어, 중국어 ,자격/시험대비,HSK,답이 바로 들리는 퀵 HSK5급 기출문제풀이 듣기편,5,10,2023,9
외국어,중국어, 중국어 ,자격/시험대비,HSK,답이 바로 들리는 퀵 HSK6급 기출문제풀이 듣기편,11,15,2023,9
외국어,중국어, 중국어 ,자격/시험대비,HSK,답이 바로 보이는 퀵 HSK3급 비법노트,4,21,2023,9
외국어,중국어, 중국어 ,자격/시험대비,HSK,답이 바로 보이는 퀵 HSK4급 비법노트,3,25,2023,9
외국어,중국어, 중국어 ,자격/시험대비,HSK,답이 바로 보이는 퀵 HSK5급 비법노트,3,21,2023,9
외국어,중국어, 중국어 ,자격/시험대비,HSK,답이 바로 보이는 퀵 HSK6급 비법노트,4,20,2023,9
외국어,중국어, 중국어 ,자격/시험대비,HSK,답이 바로 풀리는 퀵 HSK3급 기출문제풀이 독해. 쓰기편,7,15,2023,9
외국어,중국어, 중국어 ,자격/시험대비,HSK,답이 바로 풀리는 퀵 HSK4급 기출문제풀이 독해. 쓰기편,3,15,2023,9
외국어,중국어, 중국어 ,자격/시험대비,HSK,답이 바로 풀리는 퀵 HSK5급 기출문제풀이 독해. 쓰기편,9,15,2023,9
외국어,중국어, 중국어 ,자격/시험대비,HSK,답이 바로 풀리는 퀵 HSK6급 기출문제풀이 독해. 쓰기편,15,25,2023,9
외국어,중국어,중국어,독해,독해,하루 10분! 중국어 읽기의 힘 Step1,3,16,2024,6
외국어,중국어,중국어,독해,독해,하루 10분! 중국어 읽기의 힘 Step2,2,15,2024,6
외국어,중국어,중국어,말하기(회화),말하기(회화),"(여행중국어) 여기 어때, 중국 맛집멋집 핫플레이스 - 베이징",3,21,2024,1
외국어,중국어,중국어,말하기(회화),말하기(회화),"(여행중국어) 여기 어때, 중국 맛집멋집 핫플레이스 - 상하이",3,21,2024,1
외국어,중국어,중국어,말하기(회화),말하기(회화),"(여행중국어) 여기 어때, 중국 맛집멋집 핫플레이스 - 홍콩",1,11,2024,1
외국어,중국어,중국어,말하기(회화),말하기(회화),[다시중] 다시 시작하는 중국어회화 중급 Step1,3,17,2023,10
외국어,중국어,중국어,말하기(회화),말하기(회화),[다시중] 다시 시작하는 중국어회화 중급 Step2,3,17,2023,10
외국어,중국어,중국어,말하기(회화),말하기(회화),[다시중] 다시 시작하는 중국어회화 초급 Step1,4,15,2023,10
외국어,중국어,중국어,말하기(회화),말하기(회화),[다시중] 다시 시작하는 중국어회화 초급 Step2,4,12,2023,10
외국어,중국어,중국어,말하기(회화),말하기(회화),뉴 일대일 과외 중국어 회화 첫걸음 Step 1,5,15,2023,9
외국어,중국어,중국어,말하기(회화),말하기(회화),뉴 일대일 과외 중국어 회화 첫걸음 Step 2,5,15,2023,9
외국어,중국어,중국어,말하기(회화),말하기(회화),베이징 지하철 여행 중국어,8,20,2023,9
외국어,중국어,중국어,말하기(회화),말하기(회화),칭따오 중국어 회화 중국어 메뉴판 마스터 Step 1,3,16,2023,9
외국어,중국어,중국어,말하기(회화),말하기(회화),칭따오 중국어 회화 중국어 메뉴판 마스터 Step 2,2,12,2023,9
외국어,중국어,중국어,말하기(회화),말하기(회화),하루 10분! 뇌운동 프로젝트 - 중국어 기초 트레이닝 (1),4,14,2023,9
외국어,중국어,중국어,말하기(회화),말하기(회화),하루 10분! 뇌운동 프로젝트 - 중국어 기초 트레이닝 (2),5,16,2023,9
외국어,중국어,중국어,말하기(회화),말하기(회화),하루5분! 핫한 중국어 0순위 생생중국어,4,31,2023,9
외국어,중국어,중국어,자격/시험대비,HSK,왕리의 핵심 포인트 지존 HSK6급 기출문제풀이 독해. 쓰기.작문편,15,25,2022,1
외국어,중국어,중국어,자격/시험대비,HSK,왕리의 핵심 포인트 지존 HSK6급 기출문제풀이 듣기편,8,15,2022,1
외국어,중국어,중국어,자격/시험대비,HSK,왕리의 핵심 포인트 지존 HSK6급 비법노트,3,20,2022,1
외국어,중국어,중국어,자격/시험대비,HSK,이명진의 자존감UP HSK4급 기출문제풀이 독해. 쓰기편,7,15,2022,1
외국어,중국어,중국어,자격/시험대비,HSK,이명진의 자존감UP HSK4급 기출문제풀이 듣기편,5,10,2022,1
외국어,중국어,중국어,자격/시험대비,HSK,이명진의 자존감UP HSK4급 비법노트,5,25,2022,1
외국어,중국어,중국어,자격/시험대비,HSK,이선민의 일단합격 HSK3급 기출문제풀이 독해. 쓰기편,4,15,2022,1
외국어,중국어,중국어,자격/시험대비,HSK,이선민의 일단합격 HSK3급 기출문제풀이 듣기편,4,20,2022,1
외국어,중국어,중국어,자격/시험대비,HSK,이선민의 일단합격 HSK3급 비법노트,2,21,2022,1
외국어,중국어,중국어,자격/시험대비,HSK,정소연의 전략의신 HSK5급 기출문제풀이 독해. 쓰기편,14,15,2022,1
외국어,중국어,중국어,자격/시험대비,HSK,정소연의 전략의신 HSK5급 기출문제풀이 듣기편,8,10,2022,1
외국어,중국어,중국어,자격/시험대비,HSK,정소연의 전략의신 HSK5급 비법노트,4,21,2022,1
외국어,기타언어,기타언어,프랑스어,말하기(회화),[시원스쿨] 진짜학습지 프랑스어 발음편,3,12,2024,8
외국어,기타언어,기타언어,프랑스어,말하기(회화),[시원스쿨] 진짜학습지 프랑스어 첫걸음 1,4,19,2024,8
외국어,기타언어,기타언어,프랑스어,말하기(회화),[시원스쿨] 진짜학습지 프랑스어 첫걸음 2,5,18,2024,8
외국어,기타언어,기타언어,프랑스어,말하기(회화),[시원스쿨] 진짜학습지 프랑스어 첫걸음 3,5,18,2024,8
외국어,기타언어,기타언어,프랑스어,말하기(회화),[시원스쿨] 진짜학습지 프랑스어 첫걸음 4,4,18,2024,8
외국어,기타언어,기타언어,포르투갈어,말하기(회화),[시원스쿨] 포르투갈어 왕초보탈출 1탄-1,10,21,2024,5
외국어,기타언어,기타언어,포르투갈어,말하기(회화),[시원스쿨] 포르투갈어 왕초보탈출 1탄-2,9,20,2024,5
외국어,기타언어,기타언어,포르투갈어,말하기(회화),[시원스쿨] 포르투갈어 왕초보탈출 2탄-1,8,21,2024,5
외국어,기타언어,기타언어,포르투갈어,말하기(회화),[시원스쿨] 포르투갈어 왕초보탈출 2탄-2,7,20,2024,5
외국어,기타언어,기타언어,스페인어,말하기(회화),유수진 선생님의 미라클 랭귀지 스페인어편 1,10,20,2023,2
외국어,기타언어,기타언어,스페인어,말하기(회화),유수진 선생님의 미라클 랭귀지 스페인어편 2,10,20,2023,2
외국어,기타언어,기타언어,스페인어,말하기(회화),유수진 선생님의 미라클 랭귀지 스페인어편 3,10,20,2023,2
외국어,기타언어,기타언어,스페인어,말하기(회화),유수진 선생님의 미라클 랭귀지 스페인어편 4,10,20,2023,2
외국어,기타언어,기타언어,스페인어,말하기(회화),유수진 선생님의 미라클 랭귀지 스페인어편 5,10,20,2023,2
외국어,기타언어,기타언어,베트남어,말하기(회화),참 쉬운 베트남어 1-1,4,20,2022,7
외국어,기타언어,기타언어,베트남어,말하기(회화),참 쉬운 베트남어 1-2,3,15,2022,7
외국어,기타언어,기타언어,베트남어,말하기(회화),참 쉬운 베트남어 1-3,3,15,2022,7
외국어,기타언어,기타언어,베트남어,말하기(회화),참 쉬운 베트남어 2-1,4,20,2022,7
외국어,기타언어,기타언어,베트남어,말하기(회화),참 쉬운 베트남어 2-2,3,15,2022,7
외국어,기타언어,기타언어,베트남어,말하기(회화),참 쉬운 베트남어 2-3,3,15,2022,7
외국어,기타언어,기타언어,러시아어,말하기(회화),하루 10분! 뇌운동 프로젝트 - 러시아어 기초 트레이닝 ,2,20,2022,9
외국어,기타언어,기타언어,러시아어,말하기(회화),하루 10분! 뇌운동 프로젝트 - 러시아어 실전 트레이닝,2,20,2022,9
외국어,기타언어,기타언어,러시아어,말하기(회화),하루 10분! 뇌운동 프로젝트 - 러시아어 심화 트레이닝 ,2,20,2022,9
외국어,기타언어,기타언어,스페인어,자격/시험,답이 바로 풀리는 퀵 DELE A1 독해/작문,4,13,2024,10
외국어,기타언어,기타언어,스페인어,자격/시험,답이 바로 풀리는 퀵 DELE A1 듣기/회화,5,12,2024,10
외국어,기타언어,기타언어,스페인어,자격/시험,답이 바로 풀리는 퀵 DELE A2 독해/작문,6,15,2024,12
외국어,기타언어,기타언어,스페인어,자격/시험,답이 바로 풀리는 퀵 DELE A2 듣기/회화,7,14,2024,12
외국어,기타언어,기타언어,스페인어,말하기(회화),산티아고 순례길 한 걸음 한 걸음 스페인어 - 기본 문법,2,15,2024,2
외국어,기타언어,기타언어,스페인어,말하기(회화),산티아고 순례길 한 걸음 한 걸음 스페인어 - 응용 문법,2,15,2024,2
외국어,기타언어,기타언어,아랍어,말하기(회화),하루 10분! 뇌운동 프로젝트 - 아랍어 회화 기초 트레이닝,- ,- ,2024,4
외국어,기타언어,기타언어,아랍어,말하기(회화),하루 10분! 뇌운동 프로젝트 - 아랍어 회화 실전 트레이닝,- ,- ,2024,4
외국어,기타언어,기타언어,아랍어,말하기(회화),하루 10분! 뇌운동 프로젝트 - 아랍어 회화 심화 트레이닝,- ,- ,2024,4
외국어,기타언어,기타언어,인도네시아어,어휘(문법),마따하리 70일 완성 기초 인도네시아회화 - 기초발음,3,16,2022,3
외국어,기타언어,기타언어,인도네시아어,어휘(문법),마따하리 70일 완성 기초 인도네시아회화 - 핵심패턴,5,20,2022,3
외국어,기타언어,기타언어,인도네시아어,어휘(문법),마따하리 70일 완성 기초 인도네시아회화 - 확장응용 1,5,20,2022,3
외국어,기타언어,기타언어,인도네시아어,어휘(문법),마따하리 70일 완성 기초 인도네시아회화 - 확장응용 2,6,20,2022,3
외국어,기타언어,기타언어,프랑스어,듣기(청취),하루 10분! 뇌운동 프로젝트 - 프랑스어 기초 트레이닝 ,3,15,2022,9
외국어,기타언어,기타언어,프랑스어,듣기(청취),하루 10분! 뇌운동 프로젝트 - 프랑스어 실전 트레이닝 ,4,20,2022,9
외국어,기타언어,기타언어,프랑스어,듣기(청취),하루 10분! 뇌운동 프로젝트 - 프랑스어 심화 트레이닝 (1),4,20,2022,9
외국어,기타언어,기타언어,프랑스어,듣기(청취),하루 10분! 뇌운동 프로젝트 - 프랑스어 심화 트레이닝 (2),4,20,2022,9
자기개발,취미소양건강,생활교양,레저/스포츠,캠핑,"초보 캠퍼를 위한 꼼꼼 가이드,?캠핑의 모든 순간",6,15,2022,1
자기개발,취미소양건강,생활교양,생활취미,캘리그라피,누구나 쉽게 무자본으로 돈 버는 취미생활 캘리그라피,3,15,2022,1
자기개발,취미소양건강,산업공통,고객지원(CS),-,알아두면 쓸데있는 CX 잡학상식 알쓸CX잡,2,15,2022,1
자기개발,취미소양건강,생활교양,생활취미,영상편집,야 너두 프리미어로 유튜브 뽐나게 편집할 수 있어,2,16,2022,1
자기개발,취미소양건강,생활교양,생활취미,글쓰기,[한겨레교육] 간결한 글쓰기의 힘,2,18,2022,1
자기개발,취미소양건강,비즈니스교양,재테크,부동산,부동산전문변호사가 알려주는 ‘호갱되지 않는 법’,2,19,2022,1
자기개발,취미소양건강,비즈니스스킬,프로젝트관리,-,프로젝트 관리 기본 실무과정,9,23,2022,1
자기개발,취미소양건강,생활교양,생활취미,캘리그라피,[한겨레교육] 이문의 마음을 쓰는 수묵 캘리그라피,5,29,2022,1
자기개발,취미소양건강,생활교양,생활취미,공예,추억 소환! 종이접기 리턴즈,6,15,2022,2
자기개발,취미소양건강,산업공통,고객지원(CS),-,고객만족을 위한 4차산업 뉴노멀 CS 혁명 (20차시 ver),10,20,2022,2
자기개발,취미소양건강,비즈니스교양,인문/사회,역사/철학,기계주의 철학입문: 기계의 철학과 사물의 사유,8,20,2022,2
자기개발,취미소양건강,비즈니스스킬,커뮤니케이션,-,[전사원 필수] 구해줘! 비즈니스 커뮤니케이션! (20차시 ver),10,20,2022,2
자기개발,취미소양건강,비즈니스교양,재테크,부동산,내 재산을 지키는 방법 - 기획부동산과 경매 필수 지식,4,16,2022,3
자기개발,취미소양건강,생활교양,생활취미,정리,퀸수키와 함께하는 스마트 정리 교실 (실전편),2,16,2022,3
자기개발,취미소양건강,생활교양,일반교양,블로그,4060세대를 위한 쉬운 블로그 첫걸음,5,22,2022,3
자기개발,취미소양건강,비즈니스스킬,문서작성,글쓰기,사이다로 톡 쏘는 잘 팔리는 글쓰기 - 돈이 되는 글,4,15,2022,5
자기개발,취미소양건강,비즈니스스킬,문서작성,글쓰기,사이다로 톡 쏘는 잘 팔리는 글쓰기 - 일 잘하는 글,4,15,2022,5
자기개발,취미소양건강,비즈니스교양,재테크,주식,주린이 탈출! 족집게 주식 과외,5,15,2022,5
자기개발,취미소양건강,생활교양,생활취미,사진,"카메라를 넘어 세상을 보는 나만의 눈, 포토테라피",5,15,2022,5
자기개발,취미소양건강,산업공통,마케팅,-,전문직 종사자를 위한 6개월만에 ‘글로’ 매출 2배 올리기,2,15,2022,6
자기개발,취미소양건강,비즈니스교양,인문/사회,심리,나를 알면 남이 보인다 MBTI 성격 검사의 이해,3,17,2022,6
자기개발,취미소양건강,비즈니스교양,인문/사회,심리,김경일 교수의 심리학 콘서트-나는 왜 이럴까,5,15,2022,7
자기개발,취미소양건강,생활교양,생활취미,공예,"감성을 엮는 시간, 라탄 공예",6,15,2022,7
자기개발,취미소양건강,생활교양,생활취미,홈베이킹,"Made at Home, 나만의 작은 홈카페 & 홈베이킹",6,15,2022,7
자기개발,취미소양건강,리더십,자기계발,메모,나의 능력을 10배 높여주는 메모의 기술,4,15,2022,7
자기개발,취미소양건강,생활교양,생활취미,커피/와인,"어서오세요! with 박호산X황현석, 오늘의 커피 한잔",6,15,2022,8
자기개발,취미소양건강,생활교양,생활취미,캘리그라피,"종이 위에 사각사각, 손글씨 & 다이어리 꾸미기",6,15,2022,8
자기개발,취미소양건강,생활교양,생활취미,공예,힐링 캔들 공방,6,15,2022,8
자기개발,취미소양건강,비즈니스스킬,데이터분석,데이터활용,[How2업스킬] 스마트 리더를 위한 데이터로 문제해결과 의사결정하기,9,18,2022,8
자기개발,취미소양건강,산업공통,영업,영업전략,[입찰 길라잡이] 적격심사의이해,5,18,2022,8
자기개발,취미소양건강,비즈니스스킬,데이터분석,데이터활용,보통 직장인을 위한 데이터 리터러시,9,20,2022,8
자기개발,취미소양건강,비즈니스스킬,데이터분석,데이터활용,[How2업스킬] 전 직원을 위한 데이터 감수성 키우기,9,20,2022,8
자기개발,취미소양건강,산업전문,서비스,주거서비스,모두가 함께 잘 사는 주거서비스 인사이트,9,20,2022,8
자기개발,취미소양건강,리더십,커뮤니케이션,소통스킬,방송인 이숙영의 소통 붐붐! 비즈니스 커뮤니케이션,10,20,2022,8
자기개발,취미소양건강,경영전략,이슈/트렌드,ESG,"비즈니스 모델의 트렌드, ESG",4,16,2022,9
자기개발,취미소양건강,비즈니스교양,인문/사회,인문학,성과 에로스의 욕망 읽기,10,20,2022,9
자기개발,취미소양건강,리더십,자기계발,비즈니스역량,보통 직장인을 위한 비즈니스 역량 18가지,9,20,2022,9
자기개발,취미소양건강,비즈니스교양,창업,창업일반,사장님은 처음이지? 창업 멘토 박정호의 실전 창업,21,20,2022,9
자기개발,취미소양건강,리더십,자기계발,셀프리더십,인생실무! 스토리텔링으로 '나' 브랜딩하기,3,20,2022,9
자기개발,취미소양건강,생활교양,일반교양,우리말,하루 15분 손쉬운 우리말,5,31,2022,9
자기개발,취미소양건강,비즈니스교양,인문/사회,인문학,칼 세이건의 『코스모스』 인문학적 읽기,6,16,2022,10
자기개발,취미소양건강,비즈니스교양,인문/사회,문학,시인 나희덕의 미국 여성시 읽기,12,20,2022,10
자기개발,취미소양건강,비즈니스스킬,커뮤니케이션,-,[Global Thinking A to Z] 비즈니스 파트너 - 대내업무,8,20,2022,10
자기개발,취미소양건강,비즈니스스킬,커뮤니케이션,-,[Global Thinking A to Z] 비즈니스 파트너 - 대외업무,8,20,2022,10
자기개발,취미소양건강,리더십,커뮤니케이션,스피치,언어술사 임유정의 만사형통 비즈니스 스피치,8,20,2022,10
자기개발,취미소양건강,비즈니스스킬,커뮤니케이션,-,디지털 환경에서 신뢰와 호감을 높이는 온라인 커뮤니케이션,5,15,2022,11
자기개발,취미소양건강,생활교양,일반교양,스피치,매일 좋아지는 연습 보이스 디자인,5,15,2022,11
자기개발,취미소양건강,비즈니스교양,인문/사회,역사/철학,인도와 융으로 읽는 헤세Ⅰ- 깨달음으로 가는 여정,9,20,2022,11
자기개발,취미소양건강,경영전략,글로벌경영,튀르키예,알파고의 아바타 여행,10,20,2022,11
자기개발,취미소양건강,경영전략,글로벌경영,미국,굿모닝 맨하탄,7,26,2022,11
자기개발,취미소양건강,비즈니스스킬,자기관리,멘탈관리,"멘탈을 바꿔야 인생이 바뀐다, 쎈멘탈 집중훈련 - 중급반",9,19,2022,12
자기개발,취미소양건강,비즈니스교양,인문/사회,역사/철학,"마음과 뇌, 인간 이해를 위한 두 가지 열쇠: 마음과 뇌에 관한 현상학적 탐구",10,20,2022,12
자기개발,취미소양건강,비즈니스스킬,자기관리,멘탈관리,"멘탈을 바꿔야 인생이 바뀐다, 쎈멘탈 집중훈련 - 고급반",10,22,2022,12
자기개발,취미소양건강,생활교양,생활취미,글쓰기,[한겨레교육] 오기환의 성공하는 시나리오의 공식 : 심화편,6,15,2023,1
자기개발,취미소양건강,비즈니스교양,부업,체험단,누구나 1시간 투자해서 월 100만원 절약하는 블로그 체험단,1,16,2023,1
자기개발,취미소양건강,비즈니스교양,인문/사회,역사/철학,인도와 융으로 읽는 헤세Ⅱ- 자기에게로 가는 길,9,20,2023,1
자기개발,취미소양건강,리더십,자기계발,마음관리,삶의 태도를 바꾸는 직장인 마음챙김(DBT로 치유하는 나),10,20,2023,1
자기개발,취미소양건강,비즈니스스킬,프로젝트관리,-,프로젝트에 비주얼 더하기,7,16,2023,2
자기개발,취미소양건강,리더십,커뮤니케이션,에니어그램,사회생활을 빛내는 에니어그램 관계 코칭,10,18,2023,2
자기개발,취미소양건강,비즈니스스킬,커뮤니케이션,직장생존,직장 생존을 위한 비즈니스 스킬,9,20,2023,2
자기개발,취미소양건강,비즈니스교양,인문/사회,인문학,들뢰즈의 영원회귀: 차이의 존재론과 사건의 윤리학,10,20,2023,4
자기개발,취미소양건강,비즈니스교양,인문/사회,문학,고미숙의 『동의보감』 읽기: 몸과 우주 그리고 삶의 비전을 찾아서,7,16,2023,5
자기개발,취미소양건강,리더십,커뮤니케이션,관계형성,[실전에서 써먹는 리더십] 리더는 신뢰다,4,16,2023,5
자기개발,취미소양건강,리더십,커뮤니케이션,소통스킬,[실전에서 써먹는 리더십] 리더는 질문이다,4,17,2023,5
자기개발,취미소양건강,산업공통,영업,세일즈,[세일즈 고수의 영업노하우] 갑을 관계에서 장기적 파트너로 나아가기,4,19,2023,5
자기개발,취미소양건강,리더십,리더십일반,성과창출,[실전에서 써먹는 리더십] 리더는 성과다,4,19,2023,5
자기개발,취미소양건강,산업공통,마케팅,마케팅전략,[마케팅분석] 데이터 해석을 위한 시각화 - 루커스튜디오,3,20,2023,5
자기개발,취미소양건강,산업공통,영업,영업전략,고객가치 실현을 위한 세일즈 커뮤니케이션,8,20,2023,5
자기개발,취미소양건강,산업공통,영업,세일즈,[세일즈 고수의 영업노하우] 영업 펀더멘탈 만들기,7,20,2023,5
자기개발,취미소양건강,리더십,조직관리,팀원육성,[실전에서 써먹는 리더십] 리더는 조직 장악이다,4,20,2023,5
자기개발,취미소양건강,생활교양,생활취미,그림그리기,"민화, 복을 담아 그리는 우리 그림",17,15,2023,6
자기개발,취미소양건강,생활교양,레저/스포츠,캠핑,"자연에서 하루 쉼표, 캠핑 & 백패킹",6,15,2023,6
자기개발,취미소양건강,산업전문,금융,금융윤리,실전 완벽 적용! 사례로 배우는 금융윤리,7,16,2023,6
자기개발,취미소양건강,비즈니스교양,재테크,금융상식,직장인을 위한 가장 현실적인 재테크,4,18,2023,6
자기개발,취미소양건강,생활교양,일반교양,-,"불확실의 시대, 나를 돌보는 힘! 자기효능감",7,15,2023,7
자기개발,취미소양건강,비즈니스교양,인문/사회,역사/철학,"일본 현지에서 듣는 전국시대, 그 때 그 길을 걷다 1",5,15,2023,7
자기개발,취미소양건강,비즈니스교양,인문/사회,역사/철학,"일본 현지에서 듣는 전국시대, 그 때 그 길을 걷다 2",5,15,2023,7
자기개발,취미소양건강,비즈니스스킬,데이터분석,데이터활용,나는 처세술 대신 데이터분석을 택했다,8,20,2023,7
자기개발,취미소양건강,산업공통,마케팅,마케팅일반,[디지털 광고 도장깨기] 네이버 광고시스템의 완벽 이해  - 네이버 마케팅,3,22,2023,7
자기개발,취미소양건강,산업공통,마케팅,마케팅전략,고객의 마음을 움직이는 제안전략,13,30,2023,7
자기개발,취미소양건강,비즈니스교양,인문/사회,역사/철학,보이지 않는 것들-두 가지 질문으로 시작하는 철학 입문,8,16,2023,8
자기개발,취미소양건강,경영전략,경제,경제학,핵심! 만화로 보는 맨큐의 경제학,9,16,2023,8
자기개발,취미소양건강,비즈니스교양,인문/사회,예술,비하인드 클래식,3,18,2023,9
자기개발,취미소양건강,리더십,자기계발,시간관리,[일잘러의 엣지스펙] 업무의 주도권을 내게로 끌어오는 시간관리,3,18,2023,9
자기개발,취미소양건강,생활교양,생활취미,캘리그라피,"감성 한 송이, 손 끝에서 피어나는 꽃 캘리그래피",6,15,2023,10
자기개발,취미소양건강,비즈니스교양,인문/사회,-,"어서 와! 이탈리아는 처음이지, 본격 이탈리아 도시 여행",7,15,2023,10
자기개발,취미소양건강,비즈니스교양,창업,커피,커피로 성공하는 창업 공식(Feat. 원두부터 내 카페까지),16,15,2023,10
자기개발,취미소양건강,생활교양,생활취미,공예,"핸드메이드 감성 소품, 리본공예",7,15,2023,10
자기개발,취미소양건강,산업공통,영업,영업전략,커뮤니케이션 마스터의 세일즈 레시피,13,30,2023,10
자기개발,취미소양건강,비즈니스교양,재테크,금융상식,"돈 공부의 첫 걸음, 박정호의 의식주 경제",16,15,2023,11
자기개발,취미소양건강,생활교양,생활취미,글쓰기,고도원의 힐링 서재,6,15,2023,12
자기개발,취미소양건강,비즈니스교양,인문/사회,-,"어서 와! 미국은 처음이지, 미국에서 만나는 우리가 몰랐던 미국 이야기",6,15,2023,12
자기개발,취미소양건강,비즈니스교양,창업,창업일반,비전공자도 가능한 자동화 수익 홈페이지 만들기2 - 창업방법편,7,17,2023,12
자기개발,취미소양건강,비즈니스교양,창업,창업일반,비전공자도 가능한 자동화 수익 홈페이지 만들기,13,31,2023,12
자기개발,취미소양건강,생활교양,레저/스포츠,운동,국가대표 재활 트레이너의 바른 자세를 만드는 체형교정,7,15,2024,1
자기개발,취미소양건강,생활교양,생활취미,글쓰기,나를 위한 가장 작은 성실! 어른의 일기,7,15,2024,1
자기개발,취미소양건강,생활교양,레저/스포츠,운동,바른 자세 만들기 프로젝트! 바른 운동 x 바른 자세,6,15,2024,1
자기개발,취미소양건강,가정친화,가정,자녀교육,푸른아우성과 함께 의연하게 대처하는 성교육,8,15,2024,1
자기개발,취미소양건강,생활교양,생활취미,사주,운명 속 투자 기회를 잡아라! 사주 재테크,7,15,2024,1
자기개발,취미소양건강,생활교양,생활취미,콘텐츠,[CX]?고객접점 종사 리더를 위한?CX 콘텐츠 만들기 [MY Con],3,15,2024,1
자기개발,취미소양건강,생활교양,일반교양,-,[마음 벌크업] 마음을 지키는 시간,1,16,2024,1
자기개발,취미소양건강,비즈니스스킬,커뮤니케이션,소통스킬,다양한 가치를 연결하는 방법 [소통과 공감],10,19,2024,1
자기개발,취미소양건강,리더십,계층교육,경영자,마음의 퍼즐 ? 업무환경에서의 심리학적 인사이트,10,19,2024,1
자기개발,취미소양건강,산업공통,영업,영업전략,비즈니스 마스터 ? 스마트 사원이 되는 지름길,10,19,2024,1
자기개발,취미소양건강,리더십,커뮤니케이션,코칭,커리어와 리더십을 모두 책임지는 Auto Work 코칭스킬!,12,29,2024,1
자기개발,취미소양건강,비즈니스교양,인문/사회,문학,6분 클래식 스페셜 : 삶,2,15,2024,2
자기개발,취미소양건강,비즈니스교양,인문/사회,문학,6분 클래식 스페셜 : 인물,2,15,2024,2
자기개발,취미소양건강,비즈니스교양,인문/사회,역사/철학,강대진과 함께하는 고대 희랍 철학 산책,7,16,2024,2
자기개발,취미소양건강,비즈니스스킬,스마트워크,워크다이어트,"DT시대, 스마트워크와 워크다이어트로 프로 일잘러 되기",9,19,2024,2
자기개발,취미소양건강,비즈니스교양,인문/사회,예술,세계 걸작 건축 기행,8,20,2024,2
자기개발,취미소양건강,비즈니스교양,창업,블로그,[스파르타코딩클럽] 노코드로 수익형 블로그 만들기_(1),2,22,2024,2
자기개발,취미소양건강,비즈니스교양,인문/사회,인문학,신화와 민담의 분석심리학적 이해,5,16,2024,3
자기개발,취미소양건강,산업공통,고객지원(CS),CS경영,[CS경영전문가] 고객만족도(CSI) 조사와 VOC 관리,10,16,2024,3
자기개발,취미소양건강,리더십,문제해결,갈등관리,"성공 기업의 1급 비밀, 갈등관리 역량과 혁신",9,19,2024,5
자기개발,취미소양건강,산업전문,교육,교육전략,일타 전략가: 교육! 나도 키우고 회사도 키우는 최고의 전략,8,19,2024,5
자기개발,취미소양건강,산업공통,마케팅,마케팅전략,[마케팅분석] 데이터 활용 역량 올리기 - 구글태그매니저,4,23,2024,5
자기개발,취미소양건강,산업공통,마케팅,마케팅전략,챗GPT로 날로 먹는 콘텐츠 마케팅 자동화 2 - 콘텐츠 자동화,4,15,2024,6
자기개발,취미소양건강,비즈니스교양,인문/사회,역사/철학,"일본 현지에서 듣는 전국시대, 그 때 그 길을 걷다 3",6,15,2024,6
자기개발,취미소양건강,비즈니스교양,인문/사회,역사/철학,"일본 현지에서 듣는 전국시대, 그 때 그 길을 걷다 4",6,15,2024,6
자기개발,취미소양건강,비즈니스교양,인문/사회,예술,"랜선 음악 여행, 이탈리아에 숨겨진 클래식",7,15,2024,6
자기개발,취미소양건강,생활교양,생활취미,사주,"'사주, 시작해볼까'라고 생각한 김에 사주 공부",6,15,2024,6
자기개발,취미소양건강,생활교양,생활취미,독서,이런 고전 처음이지 인생을 바꿀 쉬운 논어!,6,15,2024,6
자기개발,취미소양건강,생활교양,생활취미,요리,한식명장이 알려주는 비법! 나를 위한 건강한 한끼 레시피,6,15,2024,6
자기개발,취미소양건강,비즈니스스킬,데이터분석,데이터활용,AI 시대 일잘러의 필수 역량! 데이터 분석 업무에 적용하기,6,15,2024,6
자기개발,취미소양건강,리더십,커뮤니케이션,소통스킬,[직장수업] 상처받지 않는 인간관계스킬,6,16,2024,6
자기개발,취미소양건강,비즈니스교양,인문/사회,문학,어른을 위한 신박한 그리스 로마 신화 - 사랑과 전쟁편,7,18,2024,6
자기개발,취미소양건강,산업공통,마케팅,마케팅전략,챗GPT로 날로 먹는 콘텐츠 마케팅 자동화 3 - 마케팅 자동화와 실습,2,20,2024,6
자기개발,취미소양건강,산업공통,법무,계약서,고윤기 변호사의 계약서의 검토와 작성법 실무,6,15,2024,7
자기개발,취미소양건강,비즈니스스킬,커뮤니케이션,대화법,"[어쩌다 직장인] 스페셜 상담, 오피스 빌런과의 윈윈 대화법",4,15,2024,7
자기개발,취미소양건강,산업전문,보육,-,완전정복! 놀이 속 영유아 프로그램,8,19,2024,7
자기개발,취미소양건강,비즈니스교양,재테크,투자/보험,유니콘코치 장대표의 스타트업 엔젤투자 1_기초,4,20,2024,7
자기개발,취미소양건강,비즈니스교양,재테크,투자/보험,유니콘코치 장대표의 스타트업 엔젤투자 2_실전,3,20,2024,7
자기개발,취미소양건강,경영전략,경영전문,위기관리,기업의 위기를 극복하는 반전 포인트와 전략(Re:Tipping Point),7,16,2024,8
자기개발,취미소양건강,리더십,문제해결,마인드셋,"일잘러의 마인드셋 방법, 그릿(Grit)의 기술",7,16,2024,8
자기개발,취미소양건강,산업전문,보육,-,완전정복! 누리과정과 함께하는 유아놀이,7,19,2024,8
자기개발,취미소양건강,산업전문,보육,-,완전정복! 표준보육과정 속 영아놀이,8,19,2024,8
자기개발,취미소양건강,리더십,자기계발,성공학,유니콘코치 장대표의 평범함에서 위대함으로 자기변혁,5,20,2024,8
자기개발,취미소양건강,산업전문,보육,-,슬기로운 보육교사의 어린이 안전 교육 지도법,8,19,2024,9
자기개발,취미소양건강,비즈니스스킬,창의력,창의력관리,"전사원 두뇌 역량 강화, 창의적 사고와 비주얼라이제이션",9,19,2024,9
자기개발,취미소양건강,산업전문,보육,-,"행복한 어린이집 지킴이, 보육교사 필수 안전교육",9,19,2024,9
자기개발,취미소양건강,생활교양,생활취미,종이접기,나를 위한 10분! 참 쉬운 종이접기,7,15,2024,10
자기개발,취미소양건강,생활교양,생활취미,그림그리기,"돈 되는 취미생활, 지금 바로 시작! 이모티콘",6,15,2024,10
자기개발,취미소양건강,리더십,자기계발,비즈니스역량,상대의 마음을 꿰뚫는 비즈니스 심리 기술(Feat. 그리스 로마 신화),6,15,2024,10
자기개발,취미소양건강,비즈니스교양,재테크,부동산,"친절한 부동산 투자 가이드, 광수네 복덕방",5,15,2024,10
자기개발,취미소양건강,생활교양,생활취미,자수,포근포근 행복을 수놓는 프랑스 자수,7,15,2024,10
자기개발,취미소양건강,생활교양,레저/스포츠,운동,K-직장인을 위한 초초간단 3분 스트레칭,6,15,2024,10
자기개발,취미소양건강,리더십,커뮤니케이션,코칭,나와 조직을 변화시키는 코칭 리더십,9,19,2024,10
자기개발,취미소양건강,리더십,성과관리,-,"리더십 4.0 시대, 일잘러의 IT프로젝트 성과관리",9,19,2024,10
자기개발,취미소양건강,경영일반,인사조직,성과관리,우리 회사 성장백서,8,19,2024,10
자기개발,취미소양건강,경영전략,경영전문,성과창출,성과 창출을 이끄는 조직문화 전략,14,29,2024,10
자기개발,취미소양건강,산업공통,영업,영업전략,고객만족을 위한 7가지 성공 가이드,13,30,2024,10
자기개발,취미소양건강,리더십,계층교육,팀장,"팀장의 셀프 진화 지침서, 요즘 팀장의 오답 노트",7,16,2024,11
자기개발,취미소양건강,비즈니스스킬,커뮤니케이션,피드백,"요즘 직장, 요즘 직원을 위한 피드백의 모든 것",8,19,2024,11
자기개발,취미소양건강,경영전략,경영혁신,성공전략,"천 원을 경영하다, 국민가게 다이소의 고객경험관리 스토리",8,19,2024,11
자기개발,취미소양건강,경영전략,이슈/트렌드,전자상거래,e-비즈니스를 알면 기업의 미래가 보인다,9,19,2024,11
자기개발,취미소양건강,리더십,자기계발,성공학,유니콘코치 장대표의 인생을?바꾸는?5단계?성공의?법칙,5,20,2024,11
자기개발,취미소양건강,리더십,변화관리,조직변화,글로벌 리더로 도약하는 조직 성장 가이드,10,19,2024,12
자기개발,취미소양건강,리더십,커뮤니케이션,코칭,내 안의 잠재력을 깨우는 코칭 스킬,9,19,2024,12
자기개발,취미소양건강,산업전문,보육,-,보육 전문가로 거듭나는 완벽 가이드,9,19,2024,12
자기개발,취미소양건강,산업공통,법무,계약서,"전사원 필수 역량, 비즈니스 계약 실무",9,19,2024,12
자기개발,취미소양건강,비즈니스교양,인문/사회,역사/철학,"일본 현지에서 듣는 전국시대, 그 때 그 길을 걷다 5",7,15,2025,1
자기개발,취미소양건강,비즈니스교양,인문/사회,역사/철학,"일본 현지에서 듣는 전국시대, 그 때 그 길을 걷다 6",6,15,2025,1
자기개발,취미소양건강,리더십,리더십일반,인문리더십,[영화와 고전으로 알아보는] 5 Step 인문학 리더십,3,16,2025,1
자기개발,취미소양건강,비즈니스스킬,커뮤니케이션,대화법,[지식 큐레이션] 나의 가치를 높이는 우아한 대화법,3,20,2025,1
자기개발,취미소양건강,리더십,자기계발,셀프리더십,Clara코치의 성장의 리더십 [1] 직장생활 성공 길잡이,2,22,2025,1
자기개발,오피스,IT자격,OA,컴퓨터활용능력,[HD]컴퓨터활용능력 1급 실기 - 데이터베이스 실무 (2024 개정),9,16,2024,5
자기개발,오피스,IT자격,OA,컴퓨터활용능력,[HD]컴퓨터활용능력 1급 실기 - 스프레드시트 실무 (2024 개정),13,23,2024,3
자기개발,오피스,IT자격,OA,컴퓨터활용능력,[HD]컴퓨터활용능력 1급 필기 - 2과목 스프레드시트 일반 (2024 개정),11,21,2024,3
자기개발,오피스,IT자격,OA,컴퓨터활용능력,[HD]컴퓨터활용능력 1급 필기 - 3과목 데이터베이스 일반 (2024 개정),9,18,2024,3
자기개발,오피스,IT자격,OA,컴퓨터활용능력,[HD]컴퓨터활용능력 2급 실기 - 스프레드시트 실무 (2024 개정),8,16,2024,3
자기개발,오피스,비즈니스스킬,OA,구글오피스,"[HD]구글 스프레드시트, 앱스스크립트 입문, 활용 Part.1 Google Spreadsheet (기초 사용법)",9,23,2023,5
자기개발,오피스,비즈니스스킬,OA,구글오피스,"[HD]구글 스프레드시트, 앱스스크립트 입문, 활용 Part.2 Google Spreadsheet (데이터 시각화-차트)",9,21,2023,5
자기개발,오피스,비즈니스스킬,OA,구글오피스,"[HD]구글 스프레드시트, 앱스스크립트 입문, 활용 Part.5 Google Apps Script 프로그래밍 (기초)",7,16,2023,5
자기개발,오피스,IT자격,OA,컴퓨터활용능력,[HD]컴퓨터활용능력 2급 필기 - 1과목 컴퓨터일반 (2024 개정),10,20,2024,3
자기개발,오피스,IT자격,OA,컴퓨터활용능력,[HD]컴퓨터활용능력 2급 필기 - 2과목 스프레드시트 일반(2024 개정),9,18,2024,3
자기개발,오피스,IT자격,OA,컴퓨터활용능력,[HD]컴퓨터활용능력 1급 필기 - 1과목 컴퓨터일반 (2024 개정),11,21,2024,2
자기개발,오피스,IT자격,OA,사무자동화산업기사,[HD]사무자동화산업기사 실기 Part.1 스프레드시트 (2023개정),6,15,2023,5
자기개발,오피스,IT자격,OA,사무자동화산업기사,[HD]사무자동화산업기사 필기 - 제4과목 정보통신개론 (2023 개정),6,14,2023,3
자기개발,오피스,IT자격,OA,사무자동화산업기사,[HD]사무자동화산업기사 필기 - 제1과목 사무자동화 시스템 (2023 개정),4,14,2023,1
자기개발,오피스,비즈니스스킬,OA,한컴오피스,[HD]한셀 2022 (한컴오피스 2022) 제대로 배우기 (기초),13,18,2022,11
자기개발,오피스,비즈니스스킬,OA,한쇼,[HD]한쇼 2022 (한컴오피스 2022) 제대로 배우기 (기초),9,16,2022,8
자기개발,오피스,비즈니스스킬,OA,EXCEL,[리얼오피스] 일잘러의 진짜 엑셀 - 기본 편,5,15,2022,7
자기개발,오피스,비즈니스스킬,OA,EXCEL,[리얼오피스] 일잘러의 진짜 엑셀 - 활용 편,5,15,2022,7
자기개발,오피스,비즈니스스킬,OA,PPT,[보고서의 품격(3)]가독성 있는 파워포인트 슬라이드 작성법,2,22,2024,3
자기개발,오피스,비즈니스스킬,스마트워크,ChatGPT,[Biz 아카이브] ChatGPT 활용 업무효율화(일잘러 실무),6,8,2024,10
자기개발,디지털역량,IT,프로그래밍,앱인벤터,[코딩]재미있게 배우는 코딩의 시작 - 앱 인벤터 제대로 배우기 (고급) 2022 - AI (인공지능),5,15,2022,2
자기개발,디지털역량,IT,프로그래밍,앱인벤터,[코딩]재미있게 배우는 코딩의 시작 - 앱 인벤터 제대로 배우기 (중급) 2022,6,15,2022,2
자기개발,디지털역량,IT,프로그래밍,앱인벤터,[코딩]재미있게 배우는 코딩의 시작 - 앱 인벤터 제대로 배우기 (초급) 2022,4,15,2022,2
자기개발,디지털역량,IT,그래픽,3D모델링,알고보면 쉬운 3D모델링을 활용한 메타버스 플랫폼 200% 활용하기,9,19,2022,2
자기개발,디지털역량,IT,프로그래밍,인공지능이해,[온캠] 인공지능 활용_서비스 구현 및 전이학습,9,16,2022,3
자기개발,디지털역량,경영전략,DT,자율주행,이동의 혁신 무인이동체,9,20,2022,7
자기개발,디지털역량,경영전략,DT,4차산업혁명,Change Tomorrow! 4차산업기술 BIG5!,10,20,2022,9
자기개발,디지털역량,IT,인터넷활용,3D펜,누구나 쉽게 3D펜 배우기,1,15,2022,11
자기개발,디지털역량,경영전략,DT,인공지능,누구나 쉽게 배우는 인공지능,9,20,2022,11
자기개발,디지털역량,IT,프로그래밍,AppSheet,[HD]No code(노코드)! AppSheet(앱시트)로 코딩없이 전문가 수준 앱 만들기 (입문) Part.3 컬럼 타입,9,20,2023,6
자기개발,디지털역량,경영전략,DT,자율주행,"미래 모빌리티 이슈와 전망, 스마트 시대를 준비하다",9,20,2023,6
자기개발,디지털역량,IT,프로그래밍,AppSheet,[HD]No code(노코드)! AppSheet(앱시트)로 코딩없이 전문가 수준 앱 만들기 (입문) Part.2 기본키와 뷰,9,21,2023,6
자기개발,디지털역량,IT,프로그래밍,AppSheet,[HD]No code(노코드)! AppSheet(앱시트)로 코딩없이 전문가 수준 앱 만들기 (입문) Part.1 기초 및 DB 용어,9,22,2023,6
자기개발,디지털역량,IT,프로그래밍,AppSheet,[HD]No code(노코드)! AppSheet(앱시트)로 코딩없이 전문가 수준 앱 만들기 (입문) Part.4 앱 꾸미기,11,27,2023,6
자기개발,디지털역량,경영전략,DT,인공지능,[뉴노멀 DX] 디지털 비즈니스 플랫폼 생존전략 업그레이드,10,20,2023,7
자기개발,디지털역량,IT,프로그래밍,AppSheet,[HD]No code(노코드)! AppSheet(앱시트)로 코딩없이 전문가 수준 앱 만들기 (중급 활용) Part.4 - 관계를 이용한 앱 만들기,8,17,2023,8
자기개발,디지털역량,IT,프로그래밍,Python,왕초보 챗GPT 사용법과 파이썬 코딩 기초,4,19,2023,8
자기개발,디지털역량,비즈니스스킬,스마트워크,ChatGPT,챗GPT API 활용과 나만의 챗GPT 만들기,11,20,2023,8
자기개발,디지털역량,IT,프로그래밍,AppSheet,[HD]No code(노코드)! AppSheet(앱시트)로 코딩없이 전문가 수준 앱 만들기 (중급 활용) Part.2 - Tip,9,22,2023,8
자기개발,디지털역량,IT,프로그래밍,AppSheet,[HD]No code(노코드)! AppSheet(앱시트)로 코딩없이 전문가 수준 앱 만들기 (중급 활용) Part.3 - 이미지와 동영상,9,22,2023,8
자기개발,디지털역량,IT,프로그래밍,AppSheet,[HD]No code(노코드)! AppSheet(앱시트)로 코딩없이 전문가 수준 앱 만들기 (중급 활용) Part.1 - Markdown HTML,9,29,2023,8
자기개발,디지털역량,비즈니스스킬,스마트워크,ChatGPT,"일잘러들의 업무파트너, ChatGPT 스마트하게 일하라",10,20,2023,12
자기개발,디지털역량,경영전략,DT,인공지능,"비즈니스모델 사용설명서(AI, 기술, 트렌드를 어떻게 활용할 것인가?)",3,23,2024,1
자기개발,디지털역량,IT,데이터분석,빅데이터,3D 공간정보 데이터 취득과 빅데이터 시각화(드론포함),6,15,2024,2
자기개발,디지털역량,비즈니스스킬,스마트워크,ChatGPT,[상위1% 인공지능] AI시대 ChatGPT 분야별 실무적용 활용법,20,19,2024,2
자기개발,디지털역량,IT,그래픽,인공지능,[스파르타코딩클럽] 딱! 2주만에 인공지능으로 디자인 타파,2,20,2024,2
자기개발,디지털역량,비즈니스스킬,스마트워크,ChatGPT,[스파르타코딩클럽] GPT 똑똑하게 활용하기_(2),3,23,2024,4
자기개발,디지털역량,비즈니스스킬,스마트워크,ChatGPT,[스파르타코딩클럽] GPT 똑똑하게 활용하기_(1),3,26,2024,4
자기개발,디지털역량,IT,멀티미디어,유튜브,유튜브신쌤의 시크릿스킬 2 - YouTube 채널 운영 ? 쇼츠 운영 및 수익화 방법,2,17,2024,5
자기개발,디지털역량,IT,멀티미디어,유튜브,유튜브신쌤의 시크릿스킬 1 - 지금 당장 써먹는 YouTube 영상제작 ? 편집 스킬,3,18,2024,5
자기개발,디지털역량,IT,프로그래밍,Java,"[상위1% 프로그래밍] Hello, Java Programming",8,18,2024,6
자기개발,디지털역량,IT,멀티미디어,음악제작,[AI 크리에이터] 루미나린의 AI 음악 생성,2,20,2024,6
자기개발,디지털역량,IT,그래픽,인공지능,[AI 크리에이터] 유호의 마음이 따뜻한 AI 그림책 만들기 -With 미드저니,4,20,2024,6
자기개발,디지털역량,산업공통,마케팅,디지털마케팅,인정받는 일잘러의 SNS 마케팅 비밀,9,20,2024,7
자기개발,디지털역량,경영전략,이슈/트렌드,IT트렌드,성공하는 기업의 IT프로젝트 관리,9,19,2024,10
업무역량,직무공통,비즈니스스킬,보고,보고스킬,상사의 마음을 얻어라! 보고의 달인 되기,10,20,2022,6
업무역량,직무공통,산업공통,인사/노무,노무,채용에서 퇴직까지 인사노무관리 핵심실무,10,16,2022,10
업무역량,직무공통,비즈니스스킬,기획,기획서,사례를 통한 기획서 작성 실전 가이드 (With PPT),5,19,2022,11
업무역량,직무공통,산업공통,인사/노무,인사,[가.인.지] 준비된 채용담당자에게 인재가 찾아옵니다!!!,10,28,2022,11
업무역량,직무공통,산업공통,인사/노무,인사평가,인사평가체계 구축 및 운영 방법,7,16,2023,3
업무역량,직무공통,비즈니스스킬,문서작성,보고서,한방에 컨펌받는 보고서 쓰기,7,16,2023,4
업무역량,직무공통,경영일반,인사조직,인사평가,"[가.인.지] 인사평가, 이 자료로 한번에 끝내십시오!",3,19,2023,5
업무역량,직무공통,비즈니스스킬,기획,기획력,기획을 알아야 비즈니스가 된다,13,30,2023,7
업무역량,직무공통,산업공통,인사/노무,총무,기업의 지속적 성장에 기여하는 조직문화와 비즈니스 실무,9,20,2023,9
업무역량,직무공통,산업공통,회계/재무,재무관리,[직무 새로고침] 재무제표를 알면 비즈니스가 通한다,13,20,2023,10
업무역량,직무공통,산업공통,세무,-,100가지 키워드로 배우는 알기 쉬운 세금상식 3.0,5,16,2023,12
업무역량,직무공통,산업공통,회계/재무,재무관리,K 회계사의 숨겨둔 재무제표 해석노트,3,20,2023,12
업무역량,직무공통,산업공통,인사/노무,총무,[인사총무전문가] 총무기획과 총무자산관리,8,16,2024,2
업무역량,직무공통,경영일반,인사조직,인사관리,"[HR전문가] 직무분석, 성과관리, 임금관리",13,24,2024,2
업무역량,직무공통,비즈니스스킬,문서작성,보고서,[보고서의 품격(1)]보고서 작성의 시작! 업무 지시의 능동적 이해,2,15,2024,3
업무역량,직무공통,비즈니스스킬,보고,보고스킬,[보고서의 품격(4)]능숙한 보고를 위한 필수 프로세스! 보고의 기술,2,16,2024,3
업무역량,직무공통,비즈니스스킬,문서작성,보고서,"[보고서의 품격(2)]비즈니스 문서(기획,제안,보고) 논리적 내용 전개 스킬",2,17,2024,3
업무역량,직무공통,비즈니스스킬,커뮤니케이션,보고,[Biz역량강화] 커뮤니케이션과 보고력강화,9,16,2024,4
업무역량,직무공통,리더십,커뮤니케이션,소통스킬,"커뮤니케이션 레볼루션, 기업의 미래를 설계하다",9,19,2024,5
업무역량,직무공통,산업공통,세무,-,2024 포인트 종합소득세 실무,8,23,2024,5
업무역량,직무공통,산업공통,법무,인사노무,NEW 업무에서 활용가능한 실전 근로기준법(2024),11,16,2024,6
업무역량,직무공통,산업공통,회계/재무,회계,쉽게 배우는 회계원리,15,20,2024,6
업무역량,직무공통,산업공통,인사/노무,노무,2024 인건비의 세무회계와 4대보험관리실무,12,16,2024,7
업무역량,직무공통,비즈니스스킬,문서작성,사무행정,완전정복! 사무행정 실무 향상 교육,8,19,2024,7
업무역량,직무공통,비즈니스스킬,문서작성,보고서,따라만 하면 OK! 말이 되는 보고서 작성 원칙,8,19,2024,8
업무역량,직무공통,산업공통,회계/재무,재무회계,ChatGPT와 재무제표활용(생성형 AI 활용),7,15,2024,9
업무역량,직무공통,산업공통,회계/재무,재무,[재무투자전문가] 재무/자금관리 및 사업타당성분석,14,26,2024,9
업무역량,직무공통,산업공통,회계/재무,재무회계,[재무회계전문가] 기업회계 및 결산실무,10,18,2024,10
업무역량,직무공통,비즈니스스킬,스마트워크,업무관리,조직 경영목표 달성을 위한 업무 자동화 매뉴얼,9,19,2024,10
업무역량,직무공통,산업공통,인사/노무,노무,2025 달라지는 노동환경!! 사례별 인사노무 실무,3,19,2025,2
업무역량,직무전문,산업전문,건설/토목,도로,교통수요분석,5,10,2022,1
업무역량,직무전문,산업전문,건설/토목,도로,교통안전관리,5,9,2022,1
업무역량,직무전문,산업공통,정보보안,기업정보,디지털 시대의 사이버보안,9,18,2022,4
업무역량,직무전문,산업공통,정보보안,-,평범한 회사와 직장인을 위한 정보 보안 기본서,14,30,2022,9
업무역량,직무전문,공통필수,법정필수,정보공개제도,직장 내 법정탐구_정보공개제도 교육,1,1,2023,1
업무역량,직무전문,경영전략,DT,메타버스,"메타버스의 활용, 거울 세계를 가능하게 하는 디지털 트윈",12,30,2023,3
업무역량,직무전문,산업공통,정보보안,-,"TOGETHER!! 디지털 융합의 시대, 정보보안 이해하기",9,20,2023,4
업무역량,직무전문,경영전략,이슈/트렌드,기후변화,기업생존을 위한 기후경제학,3,9,2023,4
업무역량,직무전문,IT,프로그래밍,메타버스,"[HD](인공지능, 메타버스를 종합적으로 학습할 수 있는) AI 메타버스 에코 프로젝트 vol 1 환경과 생태계",5,14,2023,8
업무역량,직무전문,산업전문,물류/유통,-,(리프레시) 핵심만 콕! 물류관리의 핵심과 운영,3,8,2023,8
업무역량,직무전문,산업전문,물류/유통,SCM,(리프레시) 핵심만 콕! 물류혁신의 핵심과 SCM,4,8,2023,8
업무역량,직무전문,경영전략,이슈/트렌드,ESG,"[ESG 아카이브] 넥스트 ESG, 평가대응과 보고서작성",5,8,2023,8
업무역량,직무전문,IT,보안,정보보호,4차산업&GPT 시대! 새로 배우는 우리회사 정보보호 가이드,31,30,2023,9
업무역량,직무전문,공통필수,산업안전보건,재난안전관리,핵심만 콕! 재난안전 관리방법 및 대처요령,4,8,2023,11
업무역량,직무전문,비즈니스교양,인문/사회,문학,문학과 예술의 사회사: 선사시대부터 고대 그리스와 로마까지,16,32,2023,12
업무역량,직무전문,IT,보안,정보보호,"데이터시대, 정보보호를 위한 가이드라인",10,19,2024,1
업무역량,직무전문,비즈니스교양,인문/사회,문학,6분 클래식 스페셜 : 사회,2,14,2024,2
업무역량,직무전문,산업공통,법무,지식재산권,회사를 보호하는 힘! 영업비밀&지식재산권&정보보호,9,19,2024,2
업무역량,직무전문,산업공통,법무,중대재해,중대재해처벌법의 핵심내용 및 기업의 대응 전략,4,5,2024,2
업무역량,직무전문,경영전략,경영전문,ISO경영,[ISO전문가] ISO경영(품질/환경/안전보건),13,24,2024,3
업무역량,직무전문,산업전문,건설/토목,시공,모빌리티 기술을 활용한 재난안전관리 방안 및 사례,2,4,2024,5
업무역량,직무전문,산업공통,법무,노동,NEW 노사가 함께 배우는 노동법 이야기(2024),23,32,2024,6
업무역량,직무전문,산업공통,법무,중대재해,[ESG 아카이브] 중대재해처벌법 이해와 대응전략,2,4,2024,6
업무역량,직무전문,IT,프로그래밍,메타버스,메타버스 완전정복,13,27,2024,8
업무역량,직무전문,경영전략,이슈/트렌드,경제전망,[지식 큐레이션] 돈이 되는 트렌드_이제는 MZ말고 시니어! 일본경제를 장악한 시니어 비즈니스 트렌드,1,10,2024,10
업무역량,직무전문,경영전략,경제,경제환경,"[김광석의 2025 경제전망] 피벗의 시대, 어떻게 대응해야 하는가?",2,5,2024,10
업무역량,직무전문,산업공통,마케팅,브랜드관리,핵심만 콕! 외부 리스크에 대응하는 기업 마케팅,3,8,2024,10
업무역량,직무전문,경영전략,이슈/트렌드,경제전망,[인구감소 특집] 인구경제학자 전영수의 부의 대전환,3,10,2025,1
업무역량,직무전문,경영전략,이슈/트렌드,경제전망,[인구감소 특집] 미래학자 홍성국의 수축사회 생존전략,2,12,2025,1
업무역량,직무전문,경영전략,이슈/트렌드,경제전망,[인구감소 특집] 미래학자 홍성국의 수축사회 생존전략(데스크 무드등 제공),2,12,2025,1
업무역량,조직문화,공통필수,법정필수,윤리경영,전사원 꼭! 윤리경영의 핵심과 실천,2,8,2022,3
업무역량,조직문화,리더십,커뮤니케이션,소통스킬,비대면 시대! 스마트 비즈니스 커뮤니케이션,14,30,2022,8
업무역량,조직문화,비즈니스스킬,프로젝트관리,-,최강조직을 위한 직무 프로젝트 실전과정,12,30,2022,10
업무역량,조직문화,리더십,커뮤니케이션,관계형성,X와 MZ의 비즈니스 커뮤니케이션과 리더십,15,30,2022,10
업무역량,조직문화,비즈니스스킬,커뮤니케이션,소통스킬,신뢰와 호감을 높이는 온라인 커뮤니케이션 스킬,11,30,2022,11
업무역량,조직문화,공통필수,법정필수,윤리경영,윤리경영의 사례와 실행모델,2,7,2023,1
업무역량,조직문화,공통필수,법정필수,직장내괴롭힘,상호존중의 조직문화 정착을 위한 '직장 내 괴롭힘' 대응 전략,1,3,2023,4
업무역량,조직문화,공통필수,법정필수,윤리경영,열혈 변호사 신주영의 법정탐구_윤리경영,2시간,2,2023,5
업무역량,조직문화,공통필수,법정필수,청렴,열혈 변호사 신주영의 법정탐구_청렴교육,2시간,2,2023,5
업무역량,조직문화,리더십,커뮤니케이션,코칭,진짜 나를 세우는 코칭스킬,11,24,2023,5
업무역량,조직문화,리더십,커뮤니케이션,코칭,배움과 성장을 더하다. 코칭스킬 UP!,26,25,2023,9
업무역량,조직문화,리더십,계층교육,관리자,탁월한 성과를 이끌어내는 조직 코칭과 리더십 향상,13,30,2023,9
업무역량,조직문화,비즈니스스킬,비즈니스매너,직장생활,슬기로운 직장생활을 만드는 회사생활 에티켓,4,24,2023,12
업무역량,조직문화,리더십,커뮤니케이션,코칭,소통과 공감으로 조직을 활성화하라,13,30,2024,1
업무역량,조직문화,공통필수,법정필수,윤리경영,핵심만 콕! 윤리경영의 이해,1,1,2024,7
업무역량,조직문화,리더십,조직관리,인재관리,나와 회사가 상생하는 조직문화 만들기,9,19,2024,10
업무역량,조직문화,공통필수,법정필수,갑질관행,[표창원의 사건속으로] 갑질 예방 교육,1,1,2024,11
업무역량,조직문화,공통필수,법정필수,청렴,[표창원의 사건속으로] 반부패 청렴교육_공무원 행동강령 및 이해충돌방지법,1,1,2024,11
업무역량,조직문화,공통필수,법정필수,청렴,[표창원의 사건속으로] 반부패 청렴교육_부정청탁금지,1,1,2024,11
업무역량,조직문화,공통필수,법정필수,청렴,[표창원의 사건속으로] 반부패 청렴교육,2,2,2024,11
업무역량,법정의무,공통필수,법정필수,성희롱예방,"[뮤지컬로 배우는] 성희롱예방교육 - Oh, my family! (오마이패밀리)",1,1,2022,1
업무역량,법정의무,공통필수,법정필수,성인지,[뮤지컬로 배우는] 양성평등(성인지)교육 - MIX UP (믹스업),1,1,2022,1
업무역량,법정의무,공통필수,법정필수,성인지,"[뮤지컬로 배우는] 양성평등(성인지)교육 - Oh, my dream! (오마이드림)",1,1,2022,1
업무역량,법정의무,공통필수,법정필수,4대폭력예방,[직장IN백서] 4대 폭력 예방 교육,2,6,2022,6
업무역량,법정의무,공통필수,법정필수,개인정보보호,열혈 변호사 신주영의 법정탐구_개인정보보호 교육,1,1,2023,1
업무역량,법정의무,공통필수,법정필수,장애인인식개선,열혈 변호사 신주영의 법정탐구_직장 내 장애인 인식개선,1,1,2023,1
업무역량,법정의무,공통필수,법정필수,성희롱예방,열혈 변호사 신주영의 법정탐구_직장 내 성희롱 예방,1시간,1,2023,3
업무역량,법정의무,공통필수,법정필수,성인지,직장 내 법정탐구_성인지 정책 교육,1시간,1,2023,3
업무역량,법정의무,공통필수,법정필수,4대폭력예방,열혈 변호사 신주영의 법정탐구_4대폭력 예방 교육,4시간,4,2023,4
업무역량,법정의무,공통필수,법정필수,종합,우리를 위한 법정의무교육,5,8,2023,4
업무역량,법정의무,공통필수,법정필수,퇴직연금,열혈 변호사 신주영의 법정탐구_퇴직연금교육,54분,1,2023,5
업무역량,법정의무,공통필수,법정필수,성범죄예방,장애인 성범죄 예방 교육,1,1,2023,8
업무역량,법정의무,공통필수,법정필수,-,[한문철의 현장 속으로] 감정노동보호 교육,1,1,2023,12
업무역량,법정의무,공통필수,법정필수,인권,핵심만 콕! 인권경영의 이해,1,1,2024,7
업무역량,법정의무,공통필수,법정필수,중독예방,핵심만 콕! 도박중독의 이해,1,1,2024,8
업무역량,법정의무,공통필수,법정필수,중독예방,핵심만 콕! 약물중독 및 알코올 사용 장애의 이해,1,1,2024,8
업무역량,법정의무,공통필수,법정필수,중독예방,핵심만 콕! 지능정보서비스 과의존 예방,1,1,2024,8
업무역량,법정의무,공통필수,법정필수,가정폭력예방,[표창원의 사건속으로] 가정폭력 예방 교육,1,1,2024,11
업무역량,법정의무,공통필수,법정필수,개인정보보호,[표창원의 사건속으로] 개인정보보호 교육,1,1,2024,11
업무역량,법정의무,공통필수,법정필수,성매매예방,[표창원의 사건속으로] 성매매 예방 교육,1,1,2024,11
업무역량,법정의무,공통필수,법정필수,성인지,[표창원의 사건속으로] 성인지 및 양성평등 교육,1,1,2024,11
업무역량,법정의무,공통필수,법정필수,성폭력예방,[표창원의 사건속으로] 성폭력 예방 교육,1,1,2024,11
업무역량,법정의무,공통필수,법정필수,성희롱예방,[표창원의 사건속으로] 성희롱 예방 교육,1,1,2024,11
업무역량,법정의무,공통필수,법정필수,성폭력예방,[표창원의 사건속으로] 신종 성범죄 예방교육,1,1,2024,11
업무역량,법정의무,공통필수,법정필수,장애인인식개선,[표창원의 사건속으로] 장애(사회적) 인식 개선 교육,1,1,2024,11
업무역량,법정의무,공통필수,법정필수,직장내괴롭힘,[표창원의 사건속으로] 직장 내 괴롭힘 예방 교육,1,1,2024,11
업무역량,법정의무,공통필수,법정필수,성희롱예방,[표창원의 사건속으로] 직장 내 성희롱 예방 교육,1,1,2024,11
업무역량,법정의무,공통필수,법정필수,장애인인식개선,[표창원의 사건속으로] 직장 내 장애인 인식 개선 교육,1,1,2024,11
업무역량,법정의무,공통필수,법정필수,퇴직연금,[표창원의 사건속으로] 퇴직연금 교육,1,1,2024,11
업무역량,법정의무,공통필수,법정필수,4대폭력예방,[표창원의 사건속으로] 4대폭력 예방 교육,4,4,2024,11
자격증,자격증,IT자격,OA,컴퓨터활용능력,[온캠] 한번에 끝내는 컴퓨터활용능력 2급 필기 (2024년),10,19,2024,1
자격증,자격증,IT자격,OA,컴퓨터활용능력,[온캠] 한번에 끝내는 컴퓨터활용능력 2급 실기 (2024년),18,30,2024,1
자격증,자격증,기술,보건/의료,임상심리사,[온캠] 한번에 끝내는 임상심리사 2급 필기 2과목_이상심리학,7,16,2024,2
자격증,자격증,기술,보건/의료,임상심리사,[온캠] 한번에 끝내는 임상심리사 2급 필기 3과목_심리검사,7,16,2024,2
자격증,자격증,기술,보건/의료,임상심리사,[온캠] 한번에 끝내는 임상심리사 2급 필기 4과목_임상심리학,7,16,2024,2
자격증,자격증,기술,보건/의료,임상심리사,[온캠] 한번에 끝내는 임상심리사 2급 필기 1과목_심리학개론,7,17,2024,2
자격증,자격증,기술,보건/의료,임상심리사,[온캠] 한번에 끝내는 임상심리사 2급 필기 5과목_심리상담+기출문제해설,9,20,2024,2
자격증,자격증,기술,농수산,산림기사,[온캠] 한번에 끝내는 산림기사 필기 5과목_사방공학,9,15,2024,4
자격증,자격증,기술,농수산,산림기사/산림산업기사,[온캠] 한번에 끝내는 산림(산업)기사 필기 3과목_임업경영학,11,24,2024,4
자격증,자격증,기술,농수산,산림기사/산림산업기사,[온캠] 한번에 끝내는 산림(산업)기사 필기 2과목_산림보호학,13,25,2024,4
자격증,자격증,기술,농수산,산림기사,[온캠] 한번에 끝내는 산림(산업)기사 필기 4과목_임도공학(산림공학),14,25,2024,4
자격증,자격증,기술,농수산,산림기사,[온캠] 한번에 끝내는 산림(산업)기사 실기_필답형+작업형,14,27,2024,4
자격증,자격증,기술,농수산,산림기사,[온캠] 한번에 끝내는 산림기사 실기_특강+기출문제해설,8,28,2024,4
자격증,자격증,기술,위험물,위험물산업기사,WOW! 위험물산업기사 필기 - 이론,25,28,2024,4
자격증,자격증,기술,농수산,산림기사/산림산업기사,[온캠] 한번에 끝내는 산림(산업)기사 필기 1과목_조림학,20,30,2024,4
자격증,자격증,전문,물류/유통,물류관리사,물류관리사_보관하역론(김대윤),10,18,2024,5
자격증,자격증,기술,위험물,위험물산업기사,WOW! 위험물산업기사 실기 - 이론 + 기출문제,23,20,2024,5
자격증,자격증,전문,물류/유통,물류관리사,물류관리사_물류관리론(송우석),10,20,2024,5
자격증,자격증,전문,물류/유통,물류관리사,물류관리사_화물운송론(송우석),9,20,2024,5
자격증,자격증,전문,물류/유통,물류관리사,물류관리사_국제물류론(송우석),11,21,2024,5
자격증,자격증,전문,물류/유통,물류관리사,(물류관리사) 물류관련법규(이론+문제풀이),11,22,2024,5
자격증,자격증,기술,위험물,위험물산업기사,WOW! 위험물산업기사 필기 - 기출문제,26,30,2024,5
자격증,자격증,전문,세무,전산세무,독공 전산세무2급(실기)(정혜숙),7,16,2024,7
자격증,자격증,전문,세무,전산세무,독공 전산세무2급(필기)(정혜숙),12,27,2024,7
자격증,자격증,IT자격,OA,사무자동화산업기사,[온캠] 한번에 끝내는 사무자동화산업기사 실기(2024년도),8,15,2024,8
자격증,자격증,기술,안전관리,방재기사,WOW! 방재기사 실기,12,22,2024,8
자격증,자격증,IT자격,OA,컴퓨터활용능력,런업! 컴퓨터활용능력 1급 필기 - 2과목 스프레드시트 일반 (2025),11,15,2024,11
자격증,자격증,IT자격,OA,컴퓨터활용능력,런업! 컴퓨터활용능력 1급 필기 - 1과목 컴퓨터일반 (2025),12,19,2024,11
자격증,자격증,IT자격,OA,컴퓨터활용능력,런업! 컴퓨터활용능력 1급 실기 - 2과목 데이터베이스 실무 (2025),16,25,2024,11
자격증,자격증,IT자격,OA,컴퓨터활용능력,런업! 컴퓨터활용능력 1급 실기 - 1과목 스프레드시트 실무 (2025),20,28,2024,11
자격증,자격증,IT자격,운영체제,리눅스마스터,[HD]리눅스마스터 1급 (2025) Part.2 기출문제(1차),7,10,2025,1
자격증,자격증,IT자격,운영체제,리눅스마스터,[HD]리눅스마스터 1급 (2025) Part.1 통합(1-2차),8,15,2025,1
자격증,자격증,전문,서비스,스포츠지도사,[이론+기출+모의고사 한번에 완성]스포츠지도사2급_스포츠교육학 (2025),7,15,2025,1
자격증,자격증,전문,서비스,스포츠지도사,[이론+기출+모의고사 한번에 완성]스포츠지도사2급_스포츠사회학 (2025),7,15,2025,1
자격증,자격증,전문,서비스,스포츠지도사,[이론+기출+모의고사 한번에 완성]스포츠지도사2급_스포츠심리학 (2025),7,15,2025,1
자격증,자격증,전문,서비스,스포츠지도사,[이론+기출+모의고사 한번에 완성]스포츠지도사2급_한국체육사 (2025),10,15,2025,1
자격증,자격증,전문,부동산,공인중개사,2025 박문각 [공인중개사:2차] 부동산중개사법 및 중개실무 (기초이론),16,19,2025,1
자격증,자격증,전문,부동산,공인중개사,2025 박문각 [공인중개사:2차] 부동산세법 (기초이론),18,21,2025,1
자격증,자격증,전문,부동산,공인중개사,2025 EBS 공인중개사 1차 민법 및 민사특별법 기본이론,19,21,2025,1
자격증,자격증,기술,안전관리,산업안전지도사,SMART 산업안전지도사 3차_건설분야 (2025),12,21,2025,1
자격증,자격증,전문,회계/재무,전산회계,독공 전산회계1급(필기)(정혜숙),11,22,2025,1
자격증,자격증,전문,물류/유통,유통관리사,(유통관리사 2급) 유통마케팅(이론+문제풀이)(황사빈),13,23,2025,1
자격증,자격증,전문,부동산,공인중개사,2025 EBS 공인중개사 2차 공인중개사법령 및 실무,22,24,2025,1
자격증,자격증,전문,부동산,공인중개사,2025 EBS 공인중개사 2차 부동산공시법 기본이론,23,24,2025,1
자격증,자격증,전문,부동산,공인중개사,2025 박문각 [공인중개사:1차] 민법 및 민사특별법 (기초이론),20,25,2025,1
자격증,자격증,전문,부동산,공인중개사,2025 박문각 [공인중개사:2차] 부동산공시법 (기초이론),21,25,2025,1
자격증,자격증,전문,부동산,공인중개사,2025 EBS 공인중개사 2차 부동산세법 기본이론,23,25,2025,1
자격증,자격증,전문,물류/유통,유통관리사,(유통관리사 2급) 상권분석(이론+문제풀이)(류하영),14,25,2025,1
자격증,자격증,전문,상담/사회복지,직업상담사,[원패스] 직업상담사 2급 실기(직업상담 실무) (2025),13,26,2025,1
자격증,자격증,전문,부동산,공인중개사,2025 박문각 [공인중개사:1차] 부동산학개론 (기초이론),21,27,2025,1
자격증,자격증,전문,부동산,공인중개사,2025 박문각 [공인중개사:2차] 부동산공법 (기초이론),24,28,2025,1
자격증,자격증,전문,부동산,공인중개사,2025 EBS 공인중개사 1차 부동산학개론 기본이론,26,28,2025,1
자격증,자격증,기술,안전관리,산업안전지도사,SMART 산업안전지도사 2차_건설분야 (2025),16,28,2025,1
자격증,자격증,전문,상담/사회복지,직업상담사,[원패스] 직업상담사 2급 필기2(직업정보+고용노동관계법규),17,31,2025,1
자격증,자격증,전문,물류/유통,유통관리사,(유통관리사 2급) 유통물류일반관리(이론+문제풀이)(황사빈),17,32,2025,1
자격증,자격증,전문,부동산,공인중개사,2025 EBS 공인중개사 2차 부동산공법 기본이론,32,36,2025,1
자격증,자격증,전문,물류/유통,유통관리사,(유통관리사 2급) 유통정보(이론+문제풀이)(류하영),21,37,2025,1
자격증,자격증,IT자격,운영체제,리눅스마스터,[HD]리눅스마스터 1급 (2025) Part.3 기출문제(2차),2,4,2025,1
자격증,자격증,IT자격,데이터,SQL개발자(SQLD),국가공인 SQL개발자(SQLD)_기출문제풀이(윤소영),7,18,2025,2
자격증,자격증,IT자격,데이터,SQL개발자(SQLD),국가공인 SQL개발자(SQLD)_1과목 데이터 모델링의 이해(윤소영),5,19,2025,2
자격증,자격증,전문,회계/재무,전산회계,[원패스] 전산회계 2급 종합반 (필기+실기) (2025),13,26,2025,2
자격증,자격증,IT자격,데이터,SQL개발자(SQLD),국가공인 SQL개발자(SQLD)_2과목 Part2 SQL의 활용(윤소영),10,26,2025,2
자격증,자격증,IT자격,데이터,SQL개발자(SQLD),국가공인 SQL개발자(SQLD)_2과목 Part1 SQL의 이해(윤소영),10,31,2025,2
자격증,자격증,IT자격,데이터,빅데이터분석기사,[핵집]빅데이터분석기사(실기)_(NEW)종합반,19,36,2024,12
자격증,자격증,IT자격,데이터,빅데이터분석기사,[핵집]빅데이터분석기사(필기)_(NEW)종합반,37,83,2024,12
자격증,자격증,전문,부동산,주택관리사,2025 박문각 주택관리사 - 기본 - 공동주택 관리실무,33,44,2025,1
자격증,자격증,전문,부동산,주택관리사,2025 박문각 주택관리사 - 기본 - 회계원리,39,48,2025,1
자격증,자격증,전문,부동산,주택관리사,2025 박문각 주택관리사 - 기본 - 주택관리 관계법규,47,51,2025,1
자격증,자격증,전문,부동산,주택관리사,2025 박문각 주택관리사 - 기본 - 공동주택 시설개론,42,55,2025,1
자격증,자격증,전문,부동산,주택관리사,2025 박문각 주택관리사 - 기본 - 민법,51,56,2025,1
