교육과정,분류,학습차시,인정시간,평가유무
쉬운 공공언어는 국민의 권리,직무,1,0.15,없습니다
태풍_온대저기압화의 진단과예보,소양,1,0.15,없습니다
공직가치의 이해(국가관),소양,1,0.15,없습니다
인공지능의 개념과 특징,Gov-MOOC,3,1.65,없습니다
공무원이 알아야 할 ESG,직무,5,1.63,없습니다
인공지능의 이해,소양,2,1.55,없습니다
공무원 글쓰기 아카데미_기초편 종합해설영상,소양,3,1.53,없습니다
개인정보 해결사 백실장이 간다! 공인중개업,직무,3,1.5,없습니다
개인정보 해결사 백실장이 간다! 여행업,직무,3,1.5,없습니다
개인정보 해결사 백실장이 간다! 학원업,직무,3,1.5,없습니다
소상공인을 위한 개인정보 보호 이해하기,직무,3,1.5,없습니다
"소통의 신세계, 사물인터넷",소양,1,0.13,없습니다
색다른 생각으로 사회 문제를 혁신하다!,Gov-MOOC,1,0.13,없습니다
소방현장 대응기술,직무,10,1.43,없습니다
[끝내주는 보고서] 보고서 작성스킬 및 보고기법,소양,7,1.42,있습니다
개방형직위 공직입문 과정(좋은 보고서 사례와 작성법),소양,1,1.33,없습니다
표절예방과 저작권 기초 강좌,시책,3,1.33,없습니다
통일미래비전과 과제,Gov-MOOC,5,1.33,없습니다
행복한 노후준비의 이해,Gov-MOOC,5,1.33,없습니다
숲으로 잘 사는 산림 르네상스 시대,Gov-MOOC,2,1.33,없습니다
실패를 대하는 새로운 관점(무한도전 김태호 PD),Gov-MOOC,3,1.33,없습니다
방화복 착용법,직무,1,0.12,없습니다
위기의 SNS,소양,1,0.12,없습니다
[끝내주는 보고서] 유형별 보고 Skill 및 PREP 기법,Gov-MOOC,1,0.12,없습니다
정부 규제혁신,직무,5,1.28,없습니다
근무성적평정 평가제도,Gov-MOOC,1,1.25,없습니다
글로벌 트렌드 리터러시,Gov-MOOC,2,1.25,없습니다
한국독립운동의 역사,시책,21,12.43,없습니다
태풍_지역사회의허리케인대비하기,소양,1,1.22,없습니다
슬기로운 공무원 생활,시책,12,1.22,없습니다
"글로벌 산업변화, 이제는 초격차 시대",Gov-MOOC,1,1.2,없습니다
"청렴, 다른 나라는 어떨까?",소양,2,1.18,있습니다
통계로 보는 노동 분야 젠더 이슈,시책,2,1.17,없습니다
역량의 이해,Gov-MOOC,2,1.17,없습니다
2024년 하반기 명사특강 TOD,직무,1,0.1,없습니다
개방형직위 공직입문 과정(성과평가 가이드),시책,1,1.15,없습니다
공공갈등의 효과적인 예방책을 위하여,Gov-MOOC,1,1.12,없습니다
누구나 글을 잘 쓸 수 있다,소양,1,1.1,없습니다
개인정보 안전성 확보조치,직무,2,1.08,없습니다
MZ세대와 소통하기,Gov-MOOC,5,1.08,없습니다
"최초에서 최고로, 공정무역도시 인천 바로알기",시책,4,1.07,없습니다
밀레니얼 세대의 이해(working with MZ generation),Gov-MOOC,2,1.07,없습니다
비상하는 코끼리 인도 이해하기,Gov-MOOC,2,1.07,없습니다
AI시대 베트남 디지털 전환의 중요성,직무,1,1.05,없습니다
공무원을 위한 챗GPT 활용방법,디지털,3,1.05,없습니다
차별금지법은 왜 필요한가2,시책,1,1.03,없습니다
"저작권 이슈와 이용가이드(폰트, 공연권, SW관리)",소양,3,1.02,없습니다
"역사 속에서의 외교 안보, 어떻게 바뀌었나",Gov-MOOC,1,1.02,없습니다
전자인사관리시스템(e-사람) 부서장용 매뉴얼,Gov-MOOC,1,0.08,없습니다
클라우드 컴퓨팅이 가져온 비즈니스 혁신,소양,1,0.98,없습니다
초등아이 감정 사용법,소양,1,0.97,없습니다
틀을 깨는 인간 창의성의 비밀,소양,1,0.97,없습니다
"로컬로 창조하라, 골목길 경제학자가 알려주는 로컬 브랜딩",Gov-MOOC,1,0.97,없습니다
우리가 반드시 지켜야 할 역사와 문화,소양,1,0.95,없습니다
장애인 미디어 접근 인식 개선 강좌,소양,1,0.95,없습니다
소통과 통합으로 일 잘하는 정부,Gov-MOOC,1,0.95,없습니다
효율적으로 일 잘하는 정부,시책,1,0.93,없습니다
"고령화-적신호 인구, 청신호 정책으로 해법찾기",Gov-MOOC,1,0.93,없습니다
스마트 규제혁신으로 경제에 활력을 불어넣자!,Gov-MOOC,1,0.93,없습니다
지역주도 균형발전 한시가 급하다,Gov-MOOC,1,0.93,없습니다
"보고서 작성법, [공무원보고서 작성의 정석]",직무,1,0.92,없습니다
우리가 간과한 다양성,직무,1,0.92,없습니다
사춘기 자녀와의 슬기로운 대화,소양,1,0.92,없습니다
국내외 식량안보 강화,Gov-MOOC,1,0.92,없습니다
스마트농업을 통한 농업 혁신,Gov-MOOC,1,0.92,없습니다
"저출산-적신호 인구, 청신호 정책으로 해법찾기",Gov-MOOC,1,0.92,없습니다
다면평가 제대로 알기,시책,4,0.9,있습니다
맞춤형 일자리 확대! 스마트 일터 문화 혁신!,Gov-MOOC,1,0.9,없습니다
사고사례로 보는 철도시스템의 이해,시책,15,9,있습니다
"보고서 기획의 기본, 생각정리스킬",직무,1,0.88,없습니다
차별금지법은 왜 필요한가1,시책,1,0.88,없습니다
태풍_허리케인내습,소양,1,0.87,없습니다
인공지능과 사회문제,Gov-MOOC,1,0.87,없습니다
한눈에 읽히는 보고서의 원리,Gov-MOOC,1,0.87,없습니다
한국 독립운동과 여성,시책,15,8.68,없습니다
지금 꼭 배워야 할 국제정세의 모든 것,소양,1,0.85,없습니다
행정법제 혁신으로 국민의 삶을 편리하게!,Gov-MOOC,1,0.85,없습니다
공무원 글쓰기 아카데미 1부_4차,소양,1,0.83,없습니다
진정한 리더는 누구인가 『펠로폰네소스 전쟁사』,소양,1,0.83,없습니다
지식재산 생태계 혁신전략,시책,1,0.83,없습니다
16. 개방형직위 공직입문 과정(정책소통Ⅰ),Gov-MOOC,1,0.83,없습니다
개방형직위 공직입문 과정 (정책소통1),Gov-MOOC,1,0.83,없습니다
개방형직위 공직입문 과정 (정책소통2),Gov-MOOC,1,0.83,없습니다
고령화로 인한 과제 및 대책은?,Gov-MOOC,1,0.83,없습니다
글로벌 중추 국가로서의 한국의 역할,Gov-MOOC,1,0.83,없습니다
"뉴노멀 생존전략, 디지털리터러시",Gov-MOOC,1,0.83,없습니다
대학 창업에서 글로벌 유니콘까지!,Gov-MOOC,1,0.83,없습니다
민간이 끌고 정부가 미는 산업정책,Gov-MOOC,1,0.83,없습니다
서류제출을 위해 허비하는 시간을 국민께 돌려드리겠습니다!,Gov-MOOC,1,0.83,없습니다
이야기로 배우는 빅데이터 및 데이터리터러시,소양,3,0.82,없습니다
"헌법과 공직가치, 지방시대를 여는 정부의 역할",Gov-MOOC,1,0.82,없습니다
정부재정과 예산,직무,1,0.8,없습니다
한반도 통일의 이해,시책,1,0.8,없습니다
글로벌 시대의 한국과 공직자,Gov-MOOC,1,0.8,없습니다
방위산업기술보호의 중요성 및 법규,Gov-MOOC,4,0.8,없습니다
"전 세계가 인정한 K-콘텐츠, 신한류를 말하다",Gov-MOOC,1,0.8,없습니다
"사람을 움직이는 유일한 방법, 소통과 공감",Gov-MOOC,7,0.78,있습니다
5급사무관 역량이론학습,직무,1,0.78,없습니다
인정받는 사람들의 말습관,소양,1,0.78,없습니다
AI 반도체 중심의 디지털 혁신,시책,1,0.78,없습니다
국회업무 가이드,시책,1,0.78,없습니다
디지털플랫폼 정부란,Gov-MOOC,1,0.78,없습니다
마약 없는 건강 사회로 국민의 일상을 행복하게!,Gov-MOOC,1,0.78,없습니다
OECD 다국적 기업 가이드라인 해설,Gov-MOOC,1,0.78,없습니다
개방형직위 공직입문 과정(국회업무 가이드),시책,1,0.77,없습니다
디지털트렌드,소양,10,0.75,없습니다
시대의 변화에 맞게 지역축제도 변해야 산다,Gov-MOOC,1,0.75,없습니다
이메일 작성 요령 (Writing Skills for Emails),Gov-MOOC,1,0.75,없습니다
17. 개방형직위 공직입문 과정(정책소통 Ⅱ),Gov-MOOC,1,0.73,없습니다
AI 시대가 가져올 섬뜩한 미래,Gov-MOOC,1,0.73,없습니다
수소에너지의 이해,시책,5,0.72,없습니다
글로벌 경쟁 속 한국 K-방산의 미래,Gov-MOOC,1,0.72,없습니다
법의학자가 바라보는 삶과 죽음,Gov-MOOC,1,0.72,없습니다
블록체인과 NFT의 이해,Gov-MOOC,1,0.72,없습니다
"인공지능과 공공서비스 혁신, 무엇부터 시작할까?",Gov-MOOC,1,0.72,없습니다
"데이터 리더의 D.Live, 궁금증에 답하다",시책,1,0.7,없습니다
개방형직위 공직입문 과정(정책홍보),시책,1,0.7,없습니다
기후변화와 질환,시책,1,0.7,없습니다
소셜마인드의 진화,Gov-MOOC,1,0.7,없습니다
공무원 글쓰기 아카데미 3부_4차,소양,1,0.68,없습니다
조직을 변화시키는 ‘긍정의 힘’,소양,1,0.68,없습니다
국민이 바라는 새로운 공무원 인재상,소양,4,0.68,없습니다
노동시장 진단과 노동개혁 방향,Gov-MOOC,1,0.68,없습니다
행복한 리더를 위한 스트레스 다스리기,Gov-MOOC,1,0.68,없습니다
도서관마케팅과 홍보,시책,12,6.92,없습니다
"저출산 고령화, 사회학적 시각으로 진단한 축소사회",시책,1,0.67,없습니다
천체사진가의 별에 관한 모든 이야기,Gov-MOOC,1,0.67,없습니다
변화하는 중국 정세와 한중 관계의 새로운 방향 모색,Gov-MOOC,1,0.67,없습니다
"인사, 복무제도",직무,1,0.65,없습니다
"수산물 소비활성화, 주요 정책",직무,1,0.65,없습니다
마음을 담아 쓴 글 목민심서,소양,1,0.65,없습니다
"개방형직위 공직입문 과정(인사, 복무제도)",시책,1,0.65,없습니다
국가유산청 출범이 가져올 변화,Gov-MOOC,1,0.65,없습니다
"위대한 유산, 가장 한국적인 예술 국악의 모든 것",Gov-MOOC,1,0.65,없습니다
차원이 다른 디지털커뮤니케이션,소양,1,0.63,없습니다
개방형직위 공직입문 과정(공직가치),시책,1,0.63,없습니다
북한 1퍼센트 엘리트의 치열한 탈북스토리,Gov-MOOC,1,0.63,없습니다
보도자료 작성실무,직무,5,0.62,없습니다
정책홍보,직무,1,0.62,없습니다
"약자와 동행해야 하는 경제적, 그리고 철학적인 이유",시책,1,0.6,없습니다
"중국의 동북공정, 한국의 시각과 대응 전략",시책,1,0.6,없습니다
혁신을 이끄는 일잘러의 성공 비법,직무,1,0.58,없습니다
개방형직위 공직입문 과정(정부와 공직의 이해),시책,1,0.58,없습니다
공직가치,시책,1,0.58,없습니다
"노동시장 약자 보호, 지속가능한 노동시장 구축",Gov-MOOC,1,0.58,없습니다
미래 과학기술과 반도체,Gov-MOOC,1,0.58,없습니다
북한과 러시아의 군사협력이 한반도 안보에 미치는 영향,Gov-MOOC,1,0.58,없습니다
e-월드엑스포 이해 및 동참,소양,1,0.57,없습니다
1호 탈북 외교관이 북한을 말하다,Gov-MOOC,1,0.57,없습니다
인권경영 국내외 동향,시책,1,0.55,없습니다
개방형직위 공직입문 과정(공직적응 노하우),시책,1,0.55,없습니다
글로벌 성공사례로 배우는 공직 리더십의 비밀,Gov-MOOC,1,0.55,없습니다
러시아-우크라이나 전쟁으로 본 현대전 양상,Gov-MOOC,1,0.55,없습니다
"외교관 출신 미국 변호사의 해외 유학과 취업, 생활 여정",Gov-MOOC,1,0.53,없습니다
이스라엘-하마스 전쟁의 이해: 역사적 맥락과 시사점,Gov-MOOC,1,0.53,없습니다
"글로벌 중추국가, 한국의 외교전략",Gov-MOOC,1,0.52,없습니다
개인정보 보호법 주요 법 개정사항,직무,1,0.5,없습니다
온나라 문서 시스템 이용가이드,직무,1,0.5,없습니다
"e-상호존중하는 건강한 일터, 직장 내 괴롭힘 예방.대응 교육",소양,1,0.5,없습니다
시니어 창업자를 위한 저작권 노하우,소양,3,0.5,없습니다
청소년 예비 창업자를 위한 저작권 노하우,시책,3,0.5,없습니다
"On세상 지식탐구생활, 안녕! 가치 말해요",Gov-MOOC,1,0.5,없습니다
한미일 3국협력,Gov-MOOC,1,0.5,없습니다
온택트 기반 공공HRD 교육혁신 설계,Gov-MOOC,1,0.5,없습니다
중소벤처가 주도하는 디지털 경제 시대,Gov-MOOC,1,0.5,없습니다
정책프로세스 1 (이론편),직무,1,0.48,없습니다
개방형직위 공직입문 과정(정책프로세스(이론편)),시책,1,0.48,없습니다
공공기관 녹색제품 의무구매제도,직무,2,0.43,없습니다
8.15 통일 독트린,시책,1,0.43,없습니다
피터 드러커가 살아있다면 무슨 말을 할까?,Gov-MOOC,1,0.4,없습니다
과장급 표준역량과 역량평가의 이해,소양,12,4.13,없습니다
기록관리 기본교육,직무,3,0.38,없습니다
e-가덕도신공항 새로운 길을 열다,소양,1,0.38,없습니다
정부 청년인턴이 궁금하신가요?,시책,2,0.38,없습니다
메타버스 윤리교육,소양,1,0.37,없습니다
공무원의 정치적 중립과 공직선거,시책,3,0.37,없습니다
직장인 대상 도박문제 예방교육,시책,1,0.37,없습니다
오염수 대응 프로젝트,시책,1,0.37,없습니다
디지털 기반의 비대면 교수학습 모형 및 교육과정 설계 방안,Gov-MOOC,1,0.37,없습니다
이중언어 환경조성의 이해,직무,6,3.67,없습니다
"Conservation  and  Restoration  of  the  Korean  Historic  Garden  /
역사정원의 보존과 복원",시책,10,3.62,없습니다
[끝내주는 파워포인트] 프레젠테이션 제작스킬 및 발표기법,소양,7,0.33,있습니다
갑질근절프로젝트(갑질왕 진부장),직무,1,0.33,없습니다
"공간정보, 아직도 생소하세요?",직무,1,0.33,없습니다
[명강의선집] 인간의 경제학,소양,1,0.33,없습니다
"눈 오는 날, 좋아하세요?",소양,1,0.33,없습니다
"[명강의선집]4차산업혁명시대, 디지털 리터러시 정책 방향",시책,1,0.33,없습니다
메타버스의 교육과정 설계와 활용,Gov-MOOC,1,0.33,없습니다
전자인사관리시스템(e-사람) 개인용 매뉴얼,Gov-MOOC,1,0.33,없습니다
쉬는 시간 스트레칭 영상,소양,2,0.32,없습니다
허위정보 대응 역량 강화 프로젝트(팩트체크 교육),시책,1,0.32,없습니다
"[온세상 온통Live] 적신호 인구위기, 솔루션 TALK 저출산편",소양,1,0.3,없습니다
스마트폰 과의존과 그 위험성,소양,1,0.3,없습니다
자동차 튜닝에 승인이 꼭 필요한가요?,소양,1,0.3,없습니다
국가공무원의 겸직허가 제도 이해,시책,2,0.3,없습니다
국토교통부 '조직문화 선진화 과정' 개발 및 운영사례,Gov-MOOC,1,0.3,없습니다
국제개발협력(ODA) 평가교육 기본과정,시책,5,3.05,없습니다
아래층에 불이 나면 우리집은 안전할까？,직무,1,0.28,없습니다
"[온세상 온통Live] 적신호 인구위기, 솔루션 TALK 고령화편",소양,1,0.28,없습니다
공직자를 위한 English writing skills,소양,3,0.28,없습니다
개방형직위 공직입문 과정(온나라시스템 이용 가이드),시책,1,0.28,없습니다
데이터 기반 정책과 조정을 통한 갈등 해결 전략,Gov-MOOC,3,2.93,없습니다
공공 마이데이터 서비스 이해 및 실무 교육,직무,5,2.87,없습니다
행정심판 청구부터 재결까지 핵심정리,직무,1,0.27,없습니다
자유와 연대,소양,1,0.27,없습니다
공직자 행동강령,시책,1,0.27,없습니다
저출산 고령화의 문명사적 해석,시책,1,0.27,없습니다
"全 공무원이 물어보고, TF가 답하는 디지털플랫폼정부 핵심Q＆A",시책,1,0.27,없습니다
역량평가 민간 후보자를 위한 공직의 이해,직무,1,0.25,없습니다
"e-핵심비전, 글로벌허브도시 부산",직무,1,0.23,없습니다
"동물들의 무브 투 헤븐, 로드킬",직무,1,0.23,없습니다
"[끝내주는 파워포인트] 메라비언의 법칙, 음성 표현 및 발음과 신체표현",시책,1,0.23,없습니다
[끝내주는 파워포인트] 발표불안 극복 및 발표기법,Gov-MOOC,1,0.23,없습니다
e-해운항만물류 이해,직무,8,2.47,없습니다
"저출산, 어떻게 극복할 것인가?",직무,1,0.22,없습니다
업무 활용도를 높이는 주택 상식,시책,1,0.22,없습니다
가상현실과 게임테크 그리고 인류,Gov-MOOC,4,2.22,없습니다
창의적 문제 해결과 TRIZ,Gov-MOOC,3,2.17,없습니다
드론 운용 이론,직무,11,0.2,없습니다
[끝내주는 파워포인트] 색상 및 도형 활용,Gov-MOOC,1,0.2,없습니다
생명지킴이교육 보고듣고말하기 2.0 기본편,직무,3,2.12,없습니다
지속가능한 경제와 ESG,소양,1,2.08,없습니다
리더의 인문학과 정서 관리,Gov-MOOC,2,2,없습니다
이동통신의 변화가 가져온 우리 삶의 변혁,소양,1,0.18,없습니다
[신원호 PD의 유연성] 경계 해체 시대에 적합한 사고의 유연성,시책,1,0.18,없습니다
심리학을 통한 현명한 질문과 답,소양,4,0.17,있습니다
공직가치의 이해(공직관),소양,1,0.17,없습니다
공직가치의 이해(윤리관),소양,1,0.17,없습니다
법치주의와 공정,소양,1,0.17,없습니다
스마트폰 사용과 내 삶의 균형 2059스라밸,소양,1,0.17,없습니다
우리집 스마트폰 하루 생활,소양,1,0.17,없습니다
자녀의 스마트폰 과의존 예방법,소양,1,0.17,없습니다
청소년 자녀를 위한 부모의 스마트폰 교육법,소양,1,0.17,없습니다
헌법가치,소양,1,0.17,없습니다
음주측정기 사용법,시책,1,0.17,없습니다
전자인사관리시스템(e-사람) 담당자용 매뉴얼,Gov-MOOC,1,0.17,없습니다
공무원 일잘러 소통아카데미_말하기편 마무리 워크숍,소양,3,1.72,없습니다
정책조율자로서의 협업 협상 조정 통합기술,Gov-MOOC,2,1.67,없습니다
이해하기 쉬운 날씨,소양,40,20,없습니다
일반기상학,소양,40,20,없습니다
기상관측장비,소양,30,15,없습니다
대기관측,소양,30,15,없습니다
대기열역학,소양,30,15,없습니다
기후변화의 이해,시책,30,15,없습니다
예보기초1,직무,29,14,없습니다
소방차량 적재장비 사용 및 관리,직무,25,12,없습니다
도시정책 기본이해,직무,20,10,있습니다
국토계획법,직무,20,10,있습니다
철도특별사법 경찰실무,직무,20,10,있습니다
환경보건정책,직무,20,10,있습니다
농업기상학,직무,20,10,없습니다
열대기상학,직무,20,10,없습니다
예보기초2,직무,21,10,없습니다
지진·지진해일·화산의 이해,직무,21,10,없습니다
항공기상 기초과정,직무,20,10,없습니다
항공기상심화과정,직무,20,10,없습니다
항공기상이론,직무,20,10,없습니다
방송통신기기 인증 기술기준 및 ICT표준화,직무,20,10,없습니다
정책기획 과정의 이해,직무,20,10,없습니다
"대한민국의 시작, 대한민국 임시정부",시책,20,10,없습니다
해양기상학,시책,20,10,없습니다
기후변화대응,시책,17,9,있습니다
현대 일본의 이해,소양,19,9,없습니다
현대 중국의 이해,소양,19,9,없습니다
전파간섭분석,시책,19,9,없습니다
지적재조사 기본,직무,15,8,있습니다
드론활용 재난대응과정,직무,15,8,있습니다
무선통신과 현장지휘,직무,15,8,있습니다
교통안전관리,직무,16,8,있습니다
이주민과 인권,직무,15,8,있습니다
유엔아동권리협약의 이해,시책,15,8,있습니다
차별예방교육,시책,15,8,있습니다
항공수색구조,시책,16,8,있습니다
대국민지진교육,직무,16,8,없습니다
생활안전교육 교수능력향상,직무,16,8,없습니다
알기 쉬운 법령 만들기를 위한 정비기준,직무,16,8,없습니다
지방공무원 인사실무,직무,16,8,없습니다
환경영향평가,직무,17,8,없습니다
우리의 근대건축,소양,15,8,없습니다
전통공예의 이해,소양,15,8,없습니다
한국의 전통조경,소양,15,8,없습니다
아프리카 지역의 이해,소양,15,8,없습니다
세계인권선언,시책,15,8,없습니다
인권의 이해,시책,15,8,없습니다
반부패 청렴정책의 이해,시책,15,8,없습니다
건축법,직무,15,7,있습니다
선생님을 위한 인권플러스,소양,15,7,있습니다
기록문화유산의 이해,직무,15,7,없습니다
대기관측및실습1,직무,15,7,없습니다
대기관측및실습2,직무,15,7,없습니다
대기오염1,직무,15,7,없습니다
대기오염2,직무,15,7,없습니다
독서토론코칭,직무,14,7,없습니다
소방시설전기Ⅱ,직무,15,7,없습니다
작은도서관 자료관리시스템 운영,직무,15,7,없습니다
"화재예방, 소방시설 설치유지 및 안전관리에 관한 법률",직무,15,7,없습니다
다중이용업소 안전관리에 관한 특별법 제정,직무,14,7,없습니다
도서관 동아리 운영하기,직무,14,7,없습니다
연구데이터 관리계획,직무,15,7,없습니다
지방계약실무,직무,15,7,없습니다
지속가능발전과 환경경영,직무,14,7,없습니다
조선왕릉 이야기,소양,15,7,없습니다
한국의 전통복식,소양,15,7,없습니다
한국의 전통예능,소양,15,7,없습니다
한국표준직업분류,소양,14,7,없습니다
신흥무관학교,소양,15,7,없습니다
사회복지와 인권,시책,15,7,없습니다
한국의 민가건축,시책,15,7,없습니다
사회통계의 이해,시책,15,7,없습니다
"삶의 뉴 플랜, 인구교육(저출산 고령사회)",시책,15,7,없습니다
생활 속 저작권 Q&amp;A(인터넷/오락편),시책,15,7,없습니다
생활 속 저작권 Q&amp;A(일상생활편),시책,15,7,없습니다
생활 속 저작권 Q&amp;A(회사/학교편),시책,15,7,없습니다
슬기로운 에너지생활,시책,14,7,없습니다
국제해양법,Gov-MOOC,15,7,없습니다
건설공사 공정관리,직무,12,6,있습니다
자동차 안전관리,직무,12,6,있습니다
설계변경제도 및 사례,직무,12,6,있습니다
알기 쉬운 공직자 행동강령,시책,12,6,있습니다
KDC(6판)자료분류,직무,12,6,없습니다
KORMARC형식,직무,12,6,없습니다
구조실무,직무,12,6,없습니다
도서관 공간구성(개정),직무,12,6,없습니다
도서관 데이터와 통계 실무,직무,12,6,없습니다
도서관경영(개정),직무,12,6,없습니다
도서관과 디지털 리터러시,직무,13,6,없습니다
환경책임보험 전산망 운영,직무,13,6,없습니다
전문도서관기초,직무,12,6,없습니다
화재조사일반,직무,12,6,없습니다
공공용지 보상실무-13,직무,13,6,없습니다
기본응급처치실무,직무,12,6,없습니다
위험물 시설-기초,직무,12,6,없습니다
DDC 자료 분류,직무,12,6,없습니다
기록관리입문1,직무,11,6,없습니다
무선설비 기술기준의 이해,직무,10,6,없습니다
지방의회 운영 및 지원실무,직무,12,6,없습니다
통계를 활용한 보고서 작성방법,직무,12,6,없습니다
통계적으로 사고하기,직무,13,6,없습니다
조선시대 회화의 이해,소양,12,6,없습니다
학교도서관운영(개정),소양,12,6,없습니다
한국표준산업분류,소양,13,6,없습니다
"디지털 혁신의 비밀, 데이터 문제해결력",소양,12,6,없습니다
재한외국인이 들려주는 상호문화의 이해,소양,10,6,없습니다
공공도서관과 청소년서비스,시책,12,6,없습니다
북큐레이션과 북트레일러,시책,12,6,없습니다
베테랑에게 배운다,시책,12,6,없습니다
수산자원관리 정책의 이해,Gov-MOOC,12,6,없습니다
연안관리 및 공유수면의 이해,Gov-MOOC,12,6,없습니다
건설안전관리,직무,10,5,있습니다
사서를 위한 저작권법 실무,직무,10,5,있습니다
건설산업 및 국가계약제도,직무,10,5,있습니다
구급실무 1,직무,10,5,있습니다
구급실무 2,직무,10,5,있습니다
구급현장실무,직무,10,5,있습니다
생활안전구조,직무,10,5,있습니다
소방민원실무,직무,10,5,있습니다
소방시설기계실무,직무,10,5,있습니다
소방시설전기실무,직무,10,5,있습니다
안전사고예방,직무,10,5,있습니다
기후변화와 교통정책,직무,10,5,있습니다
법령 입안 사례 연구 Ⅰ,직무,10,5,있습니다
법령 입안 사례 연구 Ⅱ,직무,10,5,있습니다
자동차등록에서 폐차까지,직무,10,5,있습니다
자치법규 입안실무,직무,11,5,있습니다
항공관계법령,직무,10,5,있습니다
항공기 사고조사 기본교육,직무,11,5,있습니다
행정쟁송 실무,직무,10,5,있습니다
주택법,직무,11,5,있습니다
공공데이터로 만들어가는 새로운 세상,직무,10,5,있습니다
야생생물 보호 및 관리,직무,9,5,있습니다
공무원이 알아야 할 주요판례,소양,10,5,있습니다
역사 속에서 찾은 청렴이야기,시책,10,5,있습니다
위험물 성상,시책,10,5,있습니다
사례로 배우는 부패영향평가,시책,10,5,있습니다
항공안전관리 기본 이해,시책,9,5,있습니다
가족친화제도의 이해,시책,10,5,있습니다
권익구제와 옴부즈만,시책,10,5,있습니다
초등돌봄의 이해와 사례,시책,10,5,있습니다
"119 구조, 구급에 관한 법률",직무,10,5,없습니다
도로터널 화재 대응 교육,직무,11,5,없습니다
도서관 자료 보존 및 복원,직무,10,5,없습니다
도서관문화프로그램,직무,10,5,없습니다
독서지도기초(개정),직무,10,5,없습니다
국외 소재 문화재와 문화재 환수,직무,10,5,없습니다
소방시설기계Ⅰ,직무,10,5,없습니다
소방시설전기Ⅰ,직무,10,5,없습니다
소방예산의 이해,직무,10,5,없습니다
위험물안전관리법,직무,11,5,없습니다
지속가능발전과 환경경영,직무,10,5,없습니다
지진재난대응,직무,10,5,없습니다
특화도서관과 도서관 브랜딩,직무,10,5,없습니다
문화재 활용기획,직무,10,5,없습니다
한국의 궁궐 건축Ⅱ,직무,10,5,없습니다
수중문화유산의 이해,직무,10,5,없습니다
지방세 세목별 실무과정 재산세제,직무,10,5,없습니다
특수재난 대응기술(화재Ⅰ),직무,10,5,없습니다
행정업무 운영실무,직무,10,5,없습니다
"화재예방법, 소방시설법",직무,10,5,없습니다
e-인감증명 서명확인실무 완전정복,직무,10,5,없습니다
e-주민등록실무 완전정복,직무,12,5,없습니다
NARA-PC 활용,직무,10,5,없습니다
감염관리실무,직무,10,5,없습니다
고층건축물 화재,직무,10,5,없습니다
응급의료에 관한 법률,직무,10,5,없습니다
위험물 성질 및 취급방법,직무,10,5,없습니다
주제로 배우는 응급의료 용어,직무,10,5,없습니다
지하시설물 화재,직무,10,5,없습니다
자체통계품질진단 관리,직무,11,5,없습니다
소방특별사법경찰개론,직무,11,5,없습니다
도서관 다문화서비스,직무,10,5,없습니다
도서관 메타데이터,직무,11,5,없습니다
소방공무원 안전보건,직무,10,5,없습니다
여권 실무 기초,직무,10,5,없습니다
온종일돌봄의 이해,직무,10,5,없습니다
지방회계실무,직무,11,5,없습니다
"Managing historic cities and  protecting its significance in  Korea/
한국 역사도시의 보존과 육성",소양,10,5,없습니다
고대 고분의 이해Ⅱ,소양,11,5,없습니다
고문헌으로 배우는 한자와 한문,소양,10,5,없습니다
교육학이론,소양,10,5,없습니다
소방실용영어,소양,10,5,없습니다
소방실용외국어,소양,10,5,없습니다
소방언론대응,소양,10,5,없습니다
축성기술로 본 한국의 성곽Ⅱ,소양,10,5,없습니다
한국 도자의 흐름Ⅱ,소양,10,5,없습니다
한국의 자연유산 명승Ⅱ,소양,10,5,없습니다
불교미술의 이해,소양,10,5,없습니다
e-블록체인과 공공행정,소양,10,5,없습니다
기후변화 시나리오의 이해,소양,10,5,없습니다
이해하기 쉬운 바다날씨,소양,10,5,없습니다
행복을 만드는 몸의 소리,소양,10,5,없습니다
"디지털 혁신의 비밀, 데이터 커뮤니케이션",소양,10,5,없습니다
태풍의 이해,소양,10,5,없습니다
개성이 뚜렷한 직원을 마주하는 방법,소양,11,5,없습니다
"데이터씽킹, 티키타카2",소양,10,5,없습니다
메타버스 시대의 도서관 서비스,시책,10,5,없습니다
사례로 알아보는 PTSD,시책,10,5,없습니다
행정과 인권,시책,10,5,없습니다
향교와 서원건축의 이해Ⅱ,시책,10,5,없습니다
전통 건축의 이해,시책,10,5,없습니다
사례로 본 수치예보,시책,10,5,없습니다
사례로 본 위성 기상,시책,10,5,없습니다
[적극행정 전담강사 양성과정] 표준강의 시범강연,시책,10,5,없습니다
소방행정의 역사,시책,10,5,없습니다
세계유산 랜선탐방 백제역사유적지구,시책,10,5,없습니다
공무원을 위한 정부24 이해 및 실무,시책,10,5,없습니다
서지정보를 활용한 링크드데이터,디지털,10,5,없습니다
선박안전의 이해,Gov-MOOC,10,5,없습니다
수산자원관리와 회복,Gov-MOOC,10,5,없습니다
항만종합개발 및 관리,Gov-MOOC,10,5,없습니다
아스팔트 포장과 친환경기술,직무,8,4,있습니다
교량점검 및 유지관리,직무,9,4,있습니다
전략물자관리제도 안내,직무,7,4,있습니다
가축전염병 예방법의 이해,직무,7,4,있습니다
재난대응체계 실무,직무,8,4,있습니다
고위공무원 역량 및 역량개발의 이해(역량평가),소양,9,4,있습니다
이순신 장군의 청렴리더십,시책,8,4,있습니다
청렴판단력키우기,시책,8,4,있습니다
공직자를 위한 신목민심서,시책,7,4,있습니다
부패 앞에 단호해 지기,시책,8,4,있습니다
사례로 배우는 청탁금지법,시책,7,4,있습니다
컴퓨터 네트워크 및 보안,Gov-MOOC,7,4,있습니다
동산문화재 관리와 보존,직무,8,4,없습니다
수질분석실험(일반항목 등),직무,8,4,없습니다
도서관장애인서비스,직무,9,4,없습니다
수중구조다이빙,직무,8,4,없습니다
작은도서관운영,직무,8,4,없습니다
PTSD이해와 관리,직무,8,4,없습니다
지방세 세목별 실무과정 취득세제,직무,8,4,없습니다
e-정밀안전진단 현장 실무,직무,8,4,없습니다
"수질분석실험(금속류, 유기물질 등)",직무,8,4,없습니다
화재패턴,직무,8,4,없습니다
GC 분석 실무,직무,8,4,없습니다
공공디자인 행정업무 안내,직무,7,4,없습니다
기록관리 부서담당자 교육,직무,8,4,없습니다
도로교통공단과 함께하는 안전운전 교육,직무,8,4,없습니다
도서관 사서 그리고 열정,직무,9,4,없습니다
도시비전 및 핵심시책 과정,직무,8,4,없습니다
미세먼지의 원인과 대책,직무,8,4,없습니다
수자원정책과 계획,직무,8,4,없습니다
여론분석시스템 활용법,직무,8,4,없습니다
우주전파환경 전문인력 양성교육,직무,9,4,없습니다
통계업무 필수 지식,직무,8,4,없습니다
홍수예보와 대응,직무,8,4,없습니다
e-인생이모작,소양,8,4,없습니다
"하루 10분, 직장인 인문학",소양,30,4,없습니다
공직자를 위한 보고서 잘 쓰는 법,소양,7,4,없습니다
내부소통능력 및 국민소통능력 향상,소양,8,4,없습니다
마음을 읽는 소통형 리더의 기술,소양,7,4,없습니다
부모교육(생애주기별),소양,8,4,없습니다
생물다양성과 유전자원의 이해,시책,8,4,없습니다
어린이독서상담,시책,9,4,없습니다
어린이서비스의기초,시책,8,4,없습니다
어린이책 함께 읽기,시책,9,4,없습니다
어린이책서평,시책,9,4,없습니다
세상을 바꾸는 힘 공익신고,시책,8,4,없습니다
"e-기후위기 극복의 첫걸음, 2050 탄소중립",시책,8,4,없습니다
오존 바로알기,시책,8,4,없습니다
캐릭터·디자인 산업종사자를 위한 저작권 노하우,시책,6,4,없습니다
환경문제 해결을 위한 국제협약,시책,9,4,없습니다
효과적인 비대면 교수설계 운영전략,시책,8,4,없습니다
수산업과 어업제도의 이해,Gov-MOOC,8,4,없습니다
어장환경보전과 갯벌,Gov-MOOC,8,4,없습니다
장애인 동료와 함께 일하기,직무,6,3,있습니다
기술안전정책 기본이해,직무,6,3,있습니다
도로법,직무,6,3,있습니다
감사기법 및 사례,직무,6,3,있습니다
감사업무의 이해,직무,6,3,있습니다
공공계약법의 이해,직무,8,3,있습니다
국토정책 기본이해,직무,7,3,있습니다
"보조금 집행, 관리 및 사례",직무,6,3,있습니다
자체감사기준 해설,직무,6,3,있습니다
항공안전업무 실무이해2,직무,6,3,있습니다
우리 지역의 발전을 위한 산학연협력,직무,5,3,있습니다
청렴 북 콘서트,소양,5,3,있습니다
알기쉬운 공역이야기,소양,6,3,있습니다
4차 산업혁명과 인문학 특강,소양,5,3,있습니다
자원봉사의 이해와 실천,소양,5,3,있습니다
부패상황 자각하기,시책,7,3,있습니다
슬기롭고 똑똑하게 일하는 방법,시책,6,3,있습니다
청탁금지법의 이해,시책,6,3,있습니다
개인보호 장비관리,직무,7,3,없습니다
국제회의 협상과정,직무,6,3,없습니다
급류구조,직무,7,3,없습니다
방사능사고대응,직무,6,3,없습니다
소방공무원법,직무,7,3,없습니다
심전도 판독법,직무,6,3,없습니다
알기 쉬운 소방설비2,직무,7,3,없습니다
주민등록번호 변경제도의 이해,직무,7,3,없습니다
CISD리더의 역할 및 방법,직무,6,3,없습니다
교육운영실무,직무,6,3,없습니다
사례로 보는 규제법령 정비,직무,12,3,없습니다
지방세 세목별 실무과정 자동차세,직무,5,3,없습니다
친환경자동차 구조.원리와 사고대응,직무,10,3,없습니다
행정심판 실무 입문,직무,6,3,없습니다
e-지역 발전을 위한 지산학협력의 역할과 가치,직무,7,3,없습니다
MDIS 활용,직무,6,3,없습니다
민원발생에 따른 업무대응요령,직무,10,3,없습니다
위기관리리더십,직무,6,3,없습니다
시료채취실무,직무,7,3,없습니다
성희롱 예방교육,직무,6,3,없습니다
온라인 기술보호 책임자 교육,직무,7,3,없습니다
ICP 분석 실무,직무,7,3,없습니다
고위공무원단제도의 이해,직무,6,3,없습니다
공공기관 근무자를 위한 저작권 기초와 실무,직무,6,3,없습니다
공공데이터 개방과 관리,직무,6,3,없습니다
소방빅데이터의 이해,직무,7,3,없습니다
도로교통공단과 함께하는 음주운전 예방 교육,직무,8,3,없습니다
도시생태복원,직무,6,3,없습니다
모바일 콘텐츠 종사자를 위한 저작권 노하우,직무,6,3,없습니다
방송 종사자를 위한 저작권 노하우,직무,6,3,없습니다
범정부 늘봄학교 및 지역돌봄 업무담당자 연수,직무,5,3,없습니다
우리가 알아야 할 정보공개제도,직무,5,3,없습니다
일반인 심폐소생술 표준 교육프로그램,직무,6,3,없습니다
지방 예산실무 1편,직무,5,3,없습니다
지방 예산실무 2편,직무,5,3,없습니다
테크니컬 로프구조,직무,6,3,없습니다
역량평가·역량개발교육의 이해,소양,7,3,없습니다
e-스마트시티와 도시행정,소양,6,3,없습니다
도시탐색구조,소양,7,3,없습니다
과학을 채우는 시간 세계를 강타한 글로벌 과학 이슈,소양,16,3,없습니다
국제기구 근무를 위한 글로벌 역량,소양,6,3,없습니다
디지털윤리,소양,6,3,없습니다
미디어 리터러시,소양,6,3,없습니다
은퇴설계의 필요성,소양,6,3,없습니다
노인 인권의 이해,시책,7,3,없습니다
행복하고 존엄한 노년의 삶(노인인권),시책,6,3,없습니다
(마이크로러닝)자치분권 사전협의제 이해와 활용,시책,6,3,없습니다
알기 쉬운 공직자 행동강령,시책,7,3,없습니다
사례로 본 기상레이더 영상활용법,시책,6,3,없습니다
2050 탄소중립,시책,7,3,없습니다
4차산업 종사자를 위한 저작권 노하우,시책,6,3,없습니다
공무원단체와 협력적 노사관계,시책,7,3,없습니다
기후변화 적응의 이해,시책,7,3,없습니다
기후위기의 이해,시책,7,3,없습니다
미래대응역량,시책,6,3,없습니다
국가통계포털(KOSIS) 활용,시책,6,3,없습니다
콘텐츠 수출산업 종사자를 위한 저작권 노하우(미국편),시책,6,3,없습니다
콘텐츠 수출산업 종사자를 위한 저작권 노하우(중국편),시책,6,3,없습니다
"평등한 일상, 폭력예방교육(일반)",시책,5,3,없습니다
행정안전부와 함께하는 디지털플랫폼정부,시책,8,3,없습니다
노코딩으로 도전하는 데이터 분석,디지털,6,3,없습니다
항만해운정책,Gov-MOOC,7,3,없습니다
낚시산업과 바람직한 낚시문화,Gov-MOOC,6,3,없습니다
지하철 재난대응,Gov-MOOC,7,3,없습니다
대한민국 우주시대의 개막,Gov-MOOC,5,3,없습니다
회계제도의 이해,Gov-MOOC,6,3,없습니다
도로정책 기본이해,직무,5,2,있습니다
적극행정 법제 가이드라인 2.0(지방자치단체),직무,4,2,있습니다
항공안전업무 실무이해1(안전관리시스템 승인 모니터링 및 감독),직무,4,2,있습니다
꼭 알아야 하는 공정채용 절차,소양,4,2,있습니다
"디지털 트랜스포메이션, 변화의 중심에서 공직은?",소양,4,2,있습니다
현장 공직자를 위한 사례로 알아보는 청렴 교육,소양,4,2,있습니다
알기 쉬운 이해충돌방지법,시책,4,2,있습니다
인권공부 첫 걸음(4차시),시책,4,2,있습니다
공직윤리제도의 이해,시책,5,2,있습니다
사례로 배우는 알기 쉬운 지역공동체,시책,5,2,있습니다
청백-e 시스템 감사담당자 과정,Gov-MOOC,4,2,있습니다
청백-e 시스템 새올행정 업무담당자 과정,Gov-MOOC,4,2,있습니다
청백-e 시스템 세외수입 업무담당자 과정,Gov-MOOC,4,2,있습니다
청백-e 시스템 지방세 업무담당자 과정,Gov-MOOC,4,2,있습니다
청백-e 시스템 지방재정 업무담당자 과정,Gov-MOOC,4,2,있습니다
대기시료채취는 처음이지?,직무,4,2,없습니다
"석면피해구제제도, 그것이 알고 싶다!",직무,4,2,없습니다
소방통신,직무,5,2,없습니다
위험물시설 설치허가 실무,직무,5,2,없습니다
유해화학물질대응,직무,5,2,없습니다
장애인차별금지법,직무,15,2,없습니다
사례로 배우는 협업행정,직무,4,2,없습니다
지방세 세목별 실무과정 주민세,직무,5,2,없습니다
건축허가등의 동의,직무,5,2,없습니다
자동차사고구조,직무,5,2,없습니다
통계법,직무,4,2,없습니다
통계작성기관을 위한 통계DB시스템 사용법,직무,5,2,없습니다
북한의 실태와 남북 관계,직무,4,2,없습니다
AAS 분석 실무,직무,5,2,없습니다
개인정보 처리자 수준별교육 기본과정,직무,5,2,없습니다
개인정보 처리자 수준별교육 실무과정,직무,4,2,없습니다
개인정보보호 실무과정,직무,4,2,없습니다
개인정보보호 전문과정,직무,5,2,없습니다
계량검사공무원의 법정계량기 수리재검정 직무 수행 요령,직무,5,2,없습니다
공공디자인 일반 교육과정,직무,3,2,없습니다
공공디자인 직무 교육과정,직무,4,2,없습니다
공공분야 종사자를 위한 저작권,직무,4,2,없습니다
관광개발 실무자교육,직무,4,2,없습니다
사례로 보는 행정절차 실무 1편,직무,5,2,없습니다
사례로 보는 행정절차 실무 2편,직무,5,2,없습니다
나는 소방관이다,직무,5,2,없습니다
안전한 공직생활 시작하기 Ⅱ,직무,4,2,없습니다
안전한 공직생활 시작하기Ⅰ,직무,4,2,없습니다
어촌 개발과 관광,직무,4,2,없습니다
업무관리능력 향상,직무,4,2,없습니다
우리나라의 기후위기 대응정책,직무,4,2,없습니다
정책소통 핵심비법 전해드립니다.,직무,5,2,없습니다
중대재해처벌법의 이해,직무,3,2,없습니다
[일家양득]나와 내 가족을 위한 행복찾기,소양,4,2,없습니다
공무원 글쓰기 아카데미_기초편 오프라인 워크숍,소양,4,2,없습니다
공무원 글쓰기 아카데미_기초편 학습영상,소양,4,2,없습니다
공무원 일잘러 소통아카데미_글쓰기 심화편 마무리워크숍,소양,2,2,없습니다
공무원 일잘러 소통아카데미_글쓰기 심화편 실습 해설영상,소양,4,2,없습니다
공무원 일잘러 소통아카데미_글쓰기 심화편 학습영상,소양,4,2,없습니다
꼭 알아둬야 하는 조직 내 필수 대인관계기법,소양,5,2,없습니다
데이터 리더십,소양,5,2,없습니다
데이터 리터러시,소양,5,2,없습니다
데이터 마인드,소양,5,2,없습니다
문화다양성의 이해,소양,4,2,없습니다
안전한 우리 수산물 레시피,소양,5,2,없습니다
데이터기반행정과 데이터 리터러시,시책,5,2,없습니다
인권의 이해 권리구제편,시책,4,2,없습니다
인권의 이해 입문편,시책,4,2,없습니다
(마이크로러닝)다 함께 적극행정,시책,5,2,없습니다
기후예측의 이해,시책,4,2,없습니다
긴급복지지원 신고의무 교육,시책,4,2,없습니다
이해하기 쉬운 기상레이더,시책,5,2,없습니다
이해하기 쉬운 기상위성,시책,5,2,없습니다
공공재정환수법의 이해,시책,5,2,없습니다
공무원 노사관계 이해,시책,5,2,없습니다
공직자의 역할과 책임,시책,4,2,없습니다
기후변화와 생활분야 온실가스 감축,시책,5,2,없습니다
역량교육 운영 바로 알기,시책,3,2,없습니다
전과정평가(LCA)의 이해,시책,4,2,없습니다
성평등 교육,시책,5,2,없습니다
"현장 속, 야생동물 질병관리 탐구생활",시책,5,2,없습니다
디지털커뮤니케이션,디지털,5,2,없습니다
기후변화위기 대응 및 탄소중립,Gov-MOOC,5,2,없습니다
한식의 역사와 문화,Gov-MOOC,4,2,없습니다
HRD의 개념 이해와 HRD 주요 이슈,Gov-MOOC,3,2,없습니다
경제안보의 시대 일시적 일탈인가? 뉴 노멀인가?,Gov-MOOC,4,2,없습니다
대화의 발견,Gov-MOOC,4,2,없습니다
데이터 분석 따라하기,Gov-MOOC,5,2,없습니다
북한의 실태와 과제,Gov-MOOC,4,2,없습니다
창의적 사고를 위한 원칙 없는 원칙,Gov-MOOC,3,2,없습니다
취업심사제도 및 행위제한제도 이해,직무,2,1,있습니다
인권행정 ABC,소양,3,1,있습니다
문화와 생활 속 청렴,시책,2,1,있습니다
문화와 생활 속 청렴 시즌 2,시책,2,1,있습니다
인권과 함께 하는 사회복지,시책,3,1,있습니다
ESG 경영 필수 중증장애인생산품 우선구매,직무,2,1,없습니다
수사기관 여성폭력 2차피해 예방교육(심화과정),직무,2,1,없습니다
노동인권,직무,2,1,없습니다
돌봄노동과 인권,직무,3,1,없습니다
적극적으로 일 잘하는 공무원 되기 - 관리자편,직무,6,1,없습니다
적극적으로 일 잘하는 공무원 되기 - 실무자편,직무,6,1,없습니다
긴급자동차 운전자교육(신규),직무,3,1,없습니다
공공기관 여성폭력 2차피해 예방교육(업무담당자용),직무,2,1,없습니다
과태료부과및징수절차,직무,3,1,없습니다
사이버 위협 동향 및 공직자 주의사항,직무,3,1,없습니다
온라인 방위산업기술 보호교육,직무,2,1,없습니다
2024년 인신매매등 피해자 식별과 보호 지원,직무,3,1,없습니다
건설폐기물의 적정 처리와 재활용의 이해,직무,3,1,없습니다
공무원이 알아야 할 정보보안 기초,직무,3,1,없습니다
관광개발 실무자교육 2,직무,3,1,없습니다
법정단위의 이해 및 관련 직무 수행 요령,직무,2,1,없습니다
법정단위의 이해 및 관련 직무 수행 요령(2),직무,2,1,없습니다
불법·불량계량기 단속 및 조사 직무 수행 요령,직무,2,1,없습니다
사례와 해외제도를 통한 환경갈등관리 이해,직무,3,1,없습니다
데이터 리더의 첫걸음,직무,3,1,없습니다
실무자를 위한 공공저작물 공공누리 제도 바로알기,직무,3,1,없습니다
안전한 재택근무 환경을 위한 정보보안 주의사항,직무,6,1,없습니다
"새로운 디지털 세상, 메타버스",직무,1,1,없습니다
정보공개제도 교육,직무,2,1,없습니다
지금 이 시대에 필요한 ESG,직무,3,1,없습니다
[중고등학생용] 반드시 알아야 할 학교 속 저작권 이야기,소양,3,1,없습니다
[중등학부모]저작권! 이제 기본입니다,소양,3,1,없습니다
[초등고학년/중등] 저작권과 친구될래요,소양,3,1,없습니다
[초등저학년] 저작권과 친구될래요,소양,3,1,없습니다
[초등학부모]저작권! 이제 기본입니다,소양,3,1,없습니다
AI 알고리즘이 지배하는 미디어,소양,1,1,없습니다
SF영화로 미리 보는 첨단 미래과학,소양,1,1,없습니다
건강한 사람의 특권 헌혈,소양,3,1,없습니다
고수의 보고법(실전편),소양,1,1,없습니다
공무원 글쓰기 아카데미 2부_4차,소양,1,1,없습니다
공직 리더의 소통역량 교육,소양,2,1,없습니다
"과학기술의 발전, 경험에서 데이터 과학까지",소양,1,1,없습니다
"마지막 블루오션, 우주산업을 주목하라",소양,1,1,없습니다
사례로 보는 인권경영,소양,2,1,없습니다
생명의 릴레이,소양,3,1,없습니다
"아이디어 기획, 「생각정리스킬(실전편)」",소양,1,1,없습니다
잘 읽고 잘 쓰는 실전비법,소양,1,1,없습니다
"문화코드로 보는 중국, 중국인",소양,2,1,없습니다
아동학대 신고의무자 및 공공부문 아동학대 예방교육(1시간),시책,1,1,없습니다
"공무원 고충 Down, 상담능력 Up",시책,2,1,없습니다
장애인 학대 신고의무자교육,시책,2,1,없습니다
"평등한 일상, 폭력예방교육(고위직/가정폭력+성매매+혐오와 폭력예방/3차시)",시책,3,1,없습니다
공공기관 여성폭력 2차피해 예방교육(직원용),시책,2,1,없습니다
장애인식개선교육 (인식의 새로고침),시책,5,1,없습니다
고용노동부와 보건복지부가 함께하는 장애인식개선교육,시책,3,1,없습니다
노동인권감수성,시책,2,1,없습니다
디지털플랫폼정부 대한민국을 혁신하다,시책,3,1,없습니다
"저작권 왕초보, 처음부터 배워요",시책,3,1,없습니다
"저작권, 상담사례를 통해 배워요",시책,3,1,없습니다
저작권에 이웃하는 실연·음반·방송,시책,3,1,없습니다
"젠더체크, 성인지 예산",시책,2,1,없습니다
"젠더체크, 성인지 통계",시책,2,1,없습니다
"평등한 일상,폭력예방교육(고위직)",시책,1,1,없습니다
마음을 움직이는 프레젠테이션,디지털,1,1,없습니다
엑셀 하나로 나의 보고서가 달라진다! 데이터 분석 기초편,디지털,3,1,없습니다
Chat GPT로 일잘러 되기,Gov-MOOC,3,1,없습니다
경제체질 선진화를 위한 혁신성장 시나리오,Gov-MOOC,1,1,없습니다
공무원 심리학콘서트_진짜 듣기의 기술,Gov-MOOC,1,1,없습니다
데이터로 답하라,Gov-MOOC,1,1,없습니다
디지털 금융혁신으로 우리의 삶이 달라진다!,Gov-MOOC,1,1,없습니다
삶은 예술로 빛난다,Gov-MOOC,2,1,없습니다
연안재해 대비를 위한 기초정보의 이해,Gov-MOOC,3,1,없습니다
"자율, 창의중심 기초연구와 혁신 인재 양성",Gov-MOOC,1,1,없습니다
제대로 읽는 법 알려드립니다!,Gov-MOOC,1,1,없습니다
천체 사진작가가 말하는 우주와 삶 이야기,Gov-MOOC,1,1,없습니다
초저출산사회가 가져올 변화 및 대책은?,Gov-MOOC,1,1,없습니다
"클래식, 시대의 맥박을 듣다",Gov-MOOC,1,1,없습니다
동남아 정세와 한-아세안 협력,Gov-MOOC,2,1,없습니다
중동지역의 질서 변동 및 이슬람 문화의 이해,Gov-MOOC,2,1,없습니다
