순위,주차,교육과정,교과목,종합점수,준비성,전문성,전달력,열의성
1위,5월5주차,7·8급 승진자 역량향상 과정,보도자료 작성실무,5,5,5,5,5
1위,5월5주차,7·8급 승진자 역량향상 과정,스트레칭과 싱잉볼 명상,5,5,5,5,5
1위,5월5주차,7·8급 승진자 역량향상 과정,소통을 위한 대화기술 및 공감기법,5,5,5,5,5
1위,2월5주차,과장급 필수 역량향상 과정,신임과장으로서 비전 만들기,5,5,5,5,5
1위,5월1주차,명품 스피치 과정,신뢰감을 주는 스피치 기법,5,5,5,5,5
1위,4월4주차,중견리더 과정(10주차),영어,5,5,5,5,5
1위,4월4주차,중견리더 과정(10주차),탁구,5,5,5,5,5
1위,5월2주차,중견리더 과정(12주차),영어,5,5,5,5,5
1위,5월3주차,중견리더 과정(13주차),영어,5,5,5,5,5
1위,5월3주차,중견리더 과정(13주차),분임토의,5,5,5,5,5
1위,6월1주차,중견리더 과정(16주차),미술,5,5,5,5,5
1위,6월3주차,중견리더 과정(18주차),미술,5,5,5,5,5
1위,6월4주차,중견리더 과정(19주차),스포츠댄스,5,5,5,5,5
1위,7월2주차,중견리더 과정(21주차),스포츠댄스,5,5,5,5,5
1위,7월2주차,중견리더 과정(21주차),영어,5,5,5,5,5
1위,7월3주차,중견리더 과정(22주차),영어,5,5,5,5,5
1위,3월3주차,중견리더 과정(4주차),영어,5,5,5,5,5
1위,3월4주차,중견리더 과정(5주차),영어,5,5,5,5,5
1위,4월1주차,중견리더 과정(7주차),영어,5,5,5,5,5
1위,4월1주차,중견리더 과정(7주차),스포츠댄스,5,5,5,5,5
1위,4월2주차,중견리더 과정(8주차),영어,5,5,5,5,5
1위,5월4주차,지속가능발전 목표 이행 과정,지속가능발전 보고서 작성을 위한 성과지표 관리,5,5,5,5,5
23위,5월1주차,명품 스피치 과정,기본 보이스 트레이닝,4.9861,5,5,4.9444,5
24위,5월1주차,명품 스피치 과정,목소리 진단 및 실습,4.9722,5,4.9444,5,4.9444
25위,4월3주차,다문화와 사회통합 교육 과정,다문화 나라별 비교 문화 체험,4.9688,5,5,5,4.875
26위,4월4주차,1인 방송과 영상제작 과정,홍보 기획 및 스토리 보드 작성,4.96,4.96,4.96,4.96,4.96
26위,4월4주차,1인 방송과 영상제작 과정,촬영 장비 사용법 및 촬영,4.96,4.96,4.96,4.96,4.96
26위,4월4주차,1인 방송과 영상제작 과정,AI를 활용한 시나리오,4.96,4.96,4.96,4.96,4.96
26위,4월4주차,1인 방송과 영상제작 과정,영상 편집,4.96,4.96,4.96,4.96,4.96
26위,4월4주차,1인 방송과 영상제작 과정,홍보 영상 게시 및 활용,4.96,4.96,4.96,4.96,4.96
26위,4월4주차,1인 방송과 영상제작 과정,저작권 알기와 자료 받기,4.96,4.96,4.96,4.96,4.96
26위,7월4주차,생성형 AI 실습 과정,업무에 필수 AI툴킷,4.96,4.96,4.96,4.96,4.96
33위,7월4주차,생성형 AI 실습 과정,업무에 필수 AI툴킷,4.9519,4.9615,4.9231,4.9615,4.9615
34위,5월5주차,7·8급 승진자 역량향상 과정,생성형 AI의 직무적용,4.95,5,5,4.8,5
34위,2월5주차,과장급 필수 역량향상 과정,생성형 AI의 직무적용,4.95,4.95,4.95,4.95,4.95
34위,2월5주차,과장급 필수 역량향상 과정,의사소통 및 조직관리 코칭,4.95,5,5,4.8,5
37위,5월1주차,5급 관리자 리더십 과정,조직의 갈등해결 상황극,4.9474,4.9474,4.9474,4.9474,4.9474
38위,5월1주차,5급 관리자 리더십 과정,조직 갈등 해결을 위한 의견나누기,4.9458,4.9474,4.9474,4.9474,4.9412
39위,5월1주차,명품 스피치 과정,인사말 작성 방법 및 실습,4.9444,5,4.9444,4.8333,5
40위,3월3주차,"세대와 마음을 잇는 소통 ON, 공감 UP 과정",마음 열기,4.9412,4.9412,4.9412,4.9412,4.9412
40위,3월3주차,"세대와 마음을 잇는 소통 ON, 공감 UP 과정",우리 함께 어울림,4.9412,4.9412,4.9412,4.9412,4.9412
42위,3월3주차,"세대와 마음을 잇는 소통 ON, 공감 UP 과정",조직 내 세대차이 인정과 극복,4.9393,4.9412,4.9375,4.9375,4.9412
43위,4월3주차,다문화와 사회통합 교육 과정,다문화 사회의 이해,4.9375,4.875,5,5,4.875
44위,2월5주차,식품 위생감시원 직무교육 과정,식품위생법령 및 식품 등의 기준 규격,4.9349,4.9355,4.9355,4.9355,4.9333
45위,2월5주차,식품 위생감시원 직무교육 과정,식품위생 지도점검 및 수거검사 실무,4.9333,4.9333,4.9333,4.9333,4.9333
45위,2월5주차,식품 위생감시원 직무교육 과정,이물관리 및 위해식품 회수관리,4.9333,4.9333,4.9333,4.9333,4.9333
45위,6월3주차,중견리더 과정(18주차),중국어,4.9333,4.9333,4.9333,4.9333,4.9333
48위,4월4주차,1인 방송과 영상제작 과정,스마트폰 카메라 세팅,4.9325,4.96,4.85,4.96,4.96
49위,4월2주차,소통의 고수! 민원응대 스킬업 과정,치유의 숲 현장 체험학습,4.9286,4.9286,4.9286,4.9286,4.9286
49위,5월2주차,코칭 리더십 과정,나의 강점 찾기 및 성장 마인드 셋,4.9286,4.9286,4.9286,4.9286,4.9286
49위,5월2주차,코칭 리더십 과정,뇌파를 통해 배우는 멘탈 코칭,4.9286,4.9286,4.9286,4.9286,4.9286
52위,5월5주차,7·8급 승진자 역량향상 과정,"드라마, 영화로 이해하는 청렴",4.925,4.9,4.9,4.9,5
53위,6월1주차,중견리더 과정(16주차),스포츠댄스,4.9231,4.9231,4.9231,4.9231,4.9231
53위,3월5주차,중견리더 과정(6주차),영어,4.9231,4.9231,4.9231,4.9231,4.9231
55위,4월4주차,1인 방송과 영상제작 과정,홍보플랫폼 안내 및 우수사례,4.9225,4.96,4.96,4.81,4.96
56위,4월3주차,경남의 섬 과정,"현장학습(통영, 거제, 독일마을, 남해)",4.9203,4.925,4.9152,4.9158,4.925
57위,2월3주차,교육 담당자 역량향상 과정,생성형 AI의 개요,4.9167,5,5,4.8889,4.7778
57위,3월3주차,승마 과정,승마강습(속보),4.9167,4.8889,4.8889,4.9444,4.9444
57위,6월2주차,중견리더 과정(17주차),영어,4.9167,4.9167,4.9167,4.9167,4.9167
60위,3월3주차,승마 과정,외승로 체험,4.915,4.8824,4.9444,4.8889,4.9444
61위,6월3주차,파워포인트 활용 과정,파워포인트 중급,4.9135,4.9231,4.8846,4.9231,4.9231
62위,5월2주차,코칭 리더십 과정,코칭의 이해 및 효과,4.9107,4.9286,4.9286,4.8571,4.9286
63위,3월3주차,생성형 AI 실습 과정,AI가 만들어주는 영상제작,4.9107,4.9286,4.9286,4.8929,4.8929
64위,6월2주차,디지털 행정서비스 과정,데이터 기반 정책구조,4.9091,4.9091,4.9091,4.9091,4.9091
64위,6월2주차,디지털 행정서비스 과정,데이터기반 정책보고서 작성,4.9091,4.9091,4.9091,4.9091,4.9091
64위,5월1주차,중견리더 과정(11주차),영어,4.9091,4.9091,4.9091,4.9091,4.9091
67위,6월2주차,디지털 행정서비스 과정,디지털 전환의 이해,4.908,4.9048,4.9091,4.9091,4.9091
68위,6월2주차,디지털 행정서비스 과정,생성형 AI활용,4.908,4.9091,4.9091,4.9091,4.9048
69위,5월4주차,중견리더 과정(14주차),영어,4.9068,4.9091,4.9091,4.9091,4.9
70위,5월2주차,중견리더 과정(12주차),일본어,4.9063,4.9375,4.875,4.9375,4.875
71위,3월3주차,생성형 AI 실습 과정,저작권없는 AI음악 제작하기,4.9011,4.8571,4.8929,4.9286,4.9259
72위,2월5주차,과장급 필수 역량향상 과정,조직성과 창출을 위한 리더십,4.9,4.9,4.9,4.9,4.9
72위,6월3주차,중견리더 과정(18주차),영어,4.9,4.9,4.9,4.9,4.9
72위,7월3주차,중견리더 과정(22주차),미술,4.9,4.9,4.9,4.9,4.9
75위,3월3주차,생성형 AI 실습 과정,텍스트 생성 AI의 업무 활용,4.8966,4.931,4.8966,4.8276,4.931
76위,6월4주차,중견리더 과정(19주차),일본어,4.8934,4.9091,4.9091,4.9091,4.8462
77위,5월2주차,코칭 리더십 과정,실행계획과 소감 공유,4.8929,4.8571,4.8571,4.9286,4.9286
78위,3월3주차,생성형 AI 실습 과정,AI로 만드는 숏츠영상,4.8922,4.8929,4.8214,4.9286,4.9259
79위,5월4주차,드론 이해와 실전 활용 과정,드론의 종류와 원리 이해,4.8889,4.8889,4.8889,4.8889,4.8889
79위,5월4주차,드론 이해와 실전 활용 과정,드론 법규 및 행정접목 사례,4.8889,4.8889,4.8889,4.8889,4.8889
79위,5월4주차,드론 이해와 실전 활용 과정,산업용 드론 활용 및 접목 사례,4.8889,4.8889,4.8889,4.8889,4.8889
79위,5월4주차,드론 이해와 실전 활용 과정,조종 실습2,4.8889,4.8889,4.8889,4.8889,4.8889
79위,5월4주차,드론 이해와 실전 활용 과정,드론 영상 제작 개요 및 기획,4.8889,4.8889,4.8889,4.8889,4.8889
79위,5월4주차,드론 이해와 실전 활용 과정,영상 편집 및 제작,4.8889,4.8889,4.8889,4.8889,4.8889
79위,3월3주차,승마 과정,승하마 및 평보,4.8889,4.9444,4.8889,4.8333,4.8889
79위,5월5주차,중견리더 과정(15주차),영어,4.8889,4.8889,4.8889,4.8889,4.8889
79위,2월5주차,지방소득세 실무 과정,소득세법 총칙,4.8889,4.8889,4.8889,4.8889,4.8889
79위,2월5주차,지방소득세 실무 과정,연금소득,4.8889,4.8889,4.8889,4.8889,4.8889
79위,2월5주차,지방소득세 실무 과정,"금융소득·이자소득, 배당소득",4.8889,4.8889,4.8889,4.8889,4.8889
79위,2월5주차,지방소득세 실무 과정,소득공제와 세액공제,4.8889,4.8889,4.8889,4.8889,4.8889
79위,2월5주차,지방소득세 실무 과정,소득금액계산의 특례,4.8889,4.8889,4.8889,4.8889,4.8889
79위,2월5주차,지방소득세 실무 과정,"종합소득세의 신고, 납부 및 결정",4.8889,4.8889,4.8889,4.8889,4.8889
79위,2월5주차,지방소득세 실무 과정,기타소득,4.8889,4.8889,4.8889,4.8889,4.8889
79위,2월5주차,지방소득세 실무 과정,퇴직소득세,4.8889,4.8889,4.8889,4.8889,4.8889
95위,3월3주차,생성형 AI 실습 과정,이미지 생성 AI 활용,4.8879,4.7931,4.8966,4.931,4.931
96위,3월3주차,생성형 AI 실습 과정,생성형 AI 프롬프트의 이해,4.8879,4.931,4.8966,4.8276,4.8966
97위,2월5주차,과장급 필수 역량향상 과정,리더들의 공감대 형성,4.8875,4.9,4.9,4.85,4.9
97위,6월2주차,기획능력 향상 과정,AI를 활용한 보고서 및 인사말 작성,4.8875,4.9,4.9,4.9,4.85
99위,5월4주차,드론 이해와 실전 활용 과정,조종 실습1,4.8873,4.8889,4.8889,4.8889,4.8824
100위,5월4주차,드론 이해와 실전 활용 과정,조종 실습3,4.8856,4.8824,4.8889,4.8824,4.8889
101위,7월4주차,공공언어 바르게 쓰기 과정,착각하기 쉬운 공공언어 -사례공유,4.8846,4.8462,4.8462,4.9231,4.9231
101위,7월4주차,공공언어 바르게 쓰기 과정,바른 어휘 및 문장쓰기 실습,4.8846,4.8462,4.9231,4.9231,4.8462
103위,3월3주차,생성형 AI 실습 과정,AI로 콘텐츠 제작하기,4.8839,4.9286,4.8929,4.8571,4.8571
104위,3월3주차,"세대와 마음을 잇는 소통 ON, 공감 UP 과정",우리 조직은? 전사적 참견 시점,4.8824,4.9412,4.7059,4.9412,4.9412
105위,3월3주차,생성형 AI 실습 과정,생성형 AI의 개요,4.8793,4.931,4.8276,4.8276,4.931
106위,5월5주차,7·8급 승진자 역량향상 과정,엑셀 활용 팁,4.875,4.9,4.9,4.8,4.9
106위,2월5주차,과장급 필수 역량향상 과정,스트레칭과 싱잉볼 명상,4.875,4.9,4.85,4.9,4.85
106위,2월5주차,과장급 필수 역량향상 과정,애자일 조직에서 부서장의 역할,4.875,4.9,4.85,4.85,4.9
106위,5월1주차,명품 스피치 과정,인터뷰 및 사회보기,4.875,4.8889,4.8333,4.8889,4.8889
106위,3월3주차,승마 과정,시설소개 및 승마 안전수칙,4.875,4.8889,4.9444,4.7778,4.8889
106위,3월3주차,승마 과정,승마강습(평보),4.875,4.8889,4.8333,4.8889,4.8889
106위,5월5주차,중견리더 과정(15주차),탁구,4.875,4.875,4.875,4.875,4.875
106위,6월3주차,중견리더 과정(18주차),가죽공예,4.875,4.875,4.875,4.875,4.875
106위,6월3주차,중견리더 과정(18주차),스포츠댄스,4.875,4.875,4.875,4.875,4.875
106위,6월4주차,중견리더 과정(19주차),탁구,4.875,4.875,4.875,4.875,4.875
106위,5월2주차,코칭 리더십 과정,"마음을 여는 경청과 생각을 여는 질문, 피드백 스킬",4.875,4.9286,4.7143,4.9286,4.9286
106위,5월2주차,코칭 리더십 과정,촉진 스킬 이해와 성과면담 실습,4.875,4.9286,4.9286,4.7857,4.8571
106위,6월3주차,파워포인트 활용 과정,파워포인트 초급,4.875,4.9231,4.7692,4.8846,4.9231
119위,7월1주차,중견리더 과정(20주차),외국어,4.8722,4.8,4.9,4.9,4.8889
120위,3월3주차,보조금 담당자 실무 과정,"e나라도움 시스템 사용실습(공모, 교부)",4.8684,4.8421,4.8421,4.8421,4.9474
121위,3월3주차,생성형 AI 실습 과정,ChatGPT 고급활용,4.8661,4.8929,4.8929,4.8214,4.8571
122위,5월5주차,과장급 필수 역량향상 과정,의사소통 및 조직관리 코칭,4.8658,4.8824,4.8824,4.8235,4.875
123위,5월5주차,중견리더 과정(15주차),일본어,4.8654,4.8462,4.9231,4.8462,4.8462
124위,7월2주차,스마트기기 활용 과정,윈도우 앱 활용,4.8646,4.875,4.8333,4.875,4.875
124위,7월2주차,스마트기기 활용 과정,클라우드 서비스를 활용한 데이터 관리,4.8646,4.875,4.875,4.8333,4.875
126위,6월3주차,중견리더 과정(18주차),일본어,4.8636,4.8182,4.9091,4.9091,4.8182
126위,5월4주차,홍보실무 과정,보도자료 작성 및 실습,4.8636,4.9091,4.8182,4.8182,4.9091
128위,3월5주차,5급 관리자 리더십 과정,조직 갈등 해결을 위한 의견나누기,4.8625,4.85,4.85,4.9,4.85
128위,3월5주차,5급 관리자 리더십 과정,리더십의 이해,4.8625,4.85,4.85,4.9,4.85
128위,3월5주차,5급 관리자 리더십 과정,리더십의 현장 방향성 도출,4.8625,4.85,4.85,4.9,4.85
128위,2월5주차,과장급 필수 역량향상 과정,청렴교육,4.8625,4.85,4.85,4.85,4.9
128위,6월3주차,드론 이해와 실전 활용 과정,항공법규와 드론 접목 사례,4.8625,4.88,4.82,4.81,4.94
133위,7월3주차,중견리더 과정(22주차),한국사,4.8622,4.8462,4.9231,4.8462,4.8333
134위,3월2주차,중견리더 과정(3주차),중국어,4.8614,4.8261,4.8333,4.9167,4.8696
135위,6월2주차,중견리더 과정(17주차),일본어,4.8607,4.8,4.9286,4.7857,4.9286
136위,4월4주차,중견리더 과정(10주차),중국어,4.8571,4.8571,4.8571,4.8571,4.8571
136위,5월3주차,중견리더 과정(13주차),중국어,4.8571,4.8571,4.8571,4.8571,4.8571
136위,7월1주차,중견리더 과정(20주차),동아리 활동,4.8571,4.8571,4.8571,4.8571,4.8571
136위,5월2주차,코칭 리더십 과정,코칭 대화하기(GROW 코칭),4.8571,4.8571,4.8571,4.8571,4.8571
140위,3월3주차,보조금 담당자 실무 과정,e나라도움 시스템 사용실습(정산),4.8553,4.6842,4.8947,4.8947,4.9474
141위,7월2주차,스마트기기 활용 과정,업무효율을 높이는 윈도우 활용 기능,4.8542,4.875,4.875,4.8333,4.8333
141위,7월2주차,스마트기기 활용 과정,ChatGPT 업무 활용,4.8542,4.875,4.8333,4.875,4.8333
143위,5월1주차,미래설계 과정(2주차),인문학 콘서트,4.8537,4.8667,4.8444,4.8372,4.8667
144위,6월2주차,기획능력 향상 과정,"기획력 향상을 위한 논리, 창의적 사고",4.85,4.85,4.85,4.85,4.85
144위,6월2주차,기획능력 향상 과정,기획보고서 이해 및 작성전략,4.85,4.85,4.85,4.85,4.85
144위,6월3주차,드론 이해와 실전 활용 과정,드론영상 촬영 기법,4.85,4.88,4.82,4.88,4.82
144위,5월5주차,중견리더 과정(15주차),중국어,4.85,4.85,4.85,4.85,4.85
148위,3월5주차,5급 관리자 리더십 과정,리더십을 통한 성과관리의 기술,4.848,4.85,4.85,4.8421,4.85
148위,6월2주차,기획능력 향상 과정,기획보고서 작성 피드백,4.848,4.85,4.85,4.85,4.8421
150위,2월5주차,7·8급 승진자 역량향상 과정,생성형 AI의 직무적용,4.8478,4.8696,4.8261,4.8261,4.8696
151위,3월3주차,승마 과정,승마강습(평보 및 속보),4.8472,4.8333,4.8889,4.9444,4.7222
151위,3월3주차,중견리더 과정(4주차),일본어,4.8472,4.8333,4.8333,4.8889,4.8333
153위,6월1주차,중견리더 과정(16주차),일본어,4.8464,4.8667,4.8667,4.7857,4.8667
154위,7월4주차,공공언어 바르게 쓰기 과정,어문규범 1,4.8462,4.8462,4.8462,4.8462,4.8462
154위,7월4주차,공공언어 바르게 쓰기 과정,공문서 작성법,4.8462,4.8462,4.8462,4.8462,4.8462
154위,4월4주차,중견리더 과정(10주차),스포츠댄스,4.8462,4.8462,4.8462,4.8462,4.8462
154위,5월2주차,중견리더 과정(12주차),스포츠댄스,4.8462,4.8462,4.8462,4.8462,4.8462
158위,3월2주차,계약실무 과정,계약의 유형,4.8438,4.875,4.875,4.8125,4.8125
158위,7월2주차,스마트기기 활용 과정,업무 생산성을 높이는 앱 활용,4.8438,4.8333,4.875,4.7917,4.875
160위,3월2주차,중견리더 과정(3주차),영어,4.8421,4.8421,4.8421,4.8421,4.8421
161위,6월4주차,중견리더 과정(19주차),영어,4.8409,4.9091,4.9091,4.9091,4.6364
162위,7월1주차,중견리더 과정(20주차),외국어,4.8393,4.7857,4.8571,4.8571,4.8571
163위,7월2주차,경남의 복지 과정,복지정책 현장사례 공유 및 토론,4.8393,4.8571,4.9286,4.7857,4.7857
163위,5월2주차,코칭 리더십 과정,"코칭 대화하기(상황별 코칭, 1:1 코칭)",4.8393,4.9286,4.8571,4.6429,4.9286
165위,3월3주차,중견리더 과정(4주차),중국어,4.837,4.8261,4.8261,4.8261,4.8696
166위,4월2주차,스마트기기 활용 과정,저작권 문제 없는 콘텐츠 활용,4.8365,4.8077,4.8462,4.8462,4.8462
166위,5월4주차,중견리더 과정(14주차),일본어,4.8365,4.7857,4.8571,4.8571,4.8462
168위,6월3주차,드론 이해와 실전 활용 과정,드론 비행이론 및 항공기상,4.835,4.82,4.88,4.82,4.82
168위,6월3주차,드론 이해와 실전 활용 과정,조종 실습1,4.835,4.88,4.82,4.82,4.82
168위,4월2주차,스마트기기 활용 과정,인공지능 음성녹음 앱 활용,4.835,4.8077,4.8462,4.8462,4.84
171위,6월3주차,MICE 사업유치 역량강화 과정,전시기획 유치 및 운영,4.8333,4.8333,4.8333,4.8333,4.8333
171위,6월3주차,MICE 사업유치 역량강화 과정,관광과 MICE사업 국내외 트렌드 및 우수사례,4.8333,4.8333,4.8333,4.8333,4.8333
171위,6월3주차,MICE 사업유치 역량강화 과정,국제행사 기획 및 운영,4.8333,4.8333,4.8333,4.8333,4.8333
171위,6월3주차,MICE 사업유치 역량강화 과정,국제행사 유치(사례중심),4.8333,4.8333,4.8333,4.8333,4.8333
171위,6월3주차,중견리더 과정(18주차),탁구,4.8333,4.8333,4.8333,4.8333,4.8333
171위,6월3주차,중견리더 과정(18주차),테니스,4.8333,4.8333,4.8333,4.8333,4.8333
171위,7월3주차,중견리더 과정(22주차),스포츠댄스,4.8333,4.8333,4.8333,4.8333,4.8333
171위,4월3주차,중견리더 과정(9주차),영어,4.8333,4.8333,4.8333,4.8333,4.8333
179위,5월1주차,중견리더 과정(11주차),중국어,4.8315,4.8182,4.8261,4.8636,4.8182
180위,5월2주차,중견리더 과정(12주차),중국어,4.8315,4.8261,4.8333,4.8333,4.8333
181위,7월2주차,스마트기기 활용 과정,저작권 문제없는 콘텐츠 활용,4.8302,4.8696,4.8261,4.8333,4.7917
182위,5월2주차,중견리더 과정(12주차),정리수납,4.83,4.8,4.84,4.84,4.84
183위,3월5주차,중견리더 과정(6주차),한자,4.8289,4.8158,4.8421,4.8158,4.8421
183위,7월3주차,한글 활용 과정,보고서 시각화를 위한 개체 활용,4.8289,4.8421,4.8421,4.8421,4.7895
185위,3월2주차,계약실무 과정,계약 법령 체계,4.8281,4.875,4.8125,4.8125,4.8125
186위,5월4주차,미래설계 과정(1주차),인문학 콘서트,4.8279,4.84,4.84,4.84,4.7917
187위,7월4주차,공공언어 바르게 쓰기 과정,어문규범 2,4.8269,4.8462,4.8462,4.7692,4.8462
188위,4월2주차,중견리더 과정(8주차),중국어,4.8261,4.8261,4.8261,4.8261,4.8261
189위,6월3주차,MICE 사업유치 역량강화 과정,경남의 MICE산업 현황 및 발전방안,4.825,4.8333,4.8333,4.8333,4.8
189위,4월2주차,스마트기기 활용 과정,자료 찾기 및 공유 앱 활용,4.825,4.8077,4.8462,4.8462,4.8
191위,6월3주차,MICE 사업유치 역량강화 과정,"MICE 사업의 이해 (정의, 구성요소, 경제적 파급효과)",4.825,4.8,4.8333,4.8333,4.8333
191위,6월2주차,기획능력 향상 과정,보도자료 작성(언론대처) 전략,4.825,4.85,4.85,4.75,4.85
193위,4월1주차,중견리더 과정(7주차),탁구,4.8237,4.8125,4.8125,4.8125,4.8571
194위,7월1주차,중견리더 과정(20주차),성인지정책의 이해,4.8229,4.8088,4.8088,4.8382,4.8358
195위,6월2주차,기획능력 향상 과정,기획보고서 작성 실습,4.8224,4.85,4.7895,4.85,4.8
196위,4월2주차,소통의 고수! 민원응대 스킬업 과정,감정관리를 위한 감성코칭,4.8214,4.7857,4.8571,4.8571,4.7857
196위,3월4주차,인생 2모작 준비 과정,건강관리 노하우,4.8214,4.8214,4.8929,4.7857,4.7857
196위,7월2주차,중견리더 과정(21주차),한국사,4.8214,4.7857,4.8571,4.7857,4.8571
199위,4월3주차,시·군 팀장 리더십 과정,신임팀장 비전만들기,4.8182,4.8182,4.8182,4.8182,4.8182
199위,5월4주차,중견리더 과정(14주차),중국어,4.8182,4.8182,4.8182,4.8182,4.8182
199위,6월1주차,중견리더 과정(16주차),영어,4.8182,4.8182,4.8182,4.8182,4.8182
199위,6월1주차,중견리더 과정(16주차),중국어,4.8182,4.8182,4.8182,4.8182,4.8182
199위,7월2주차,중견리더 과정(21주차),일본어,4.8182,4.8182,4.8182,4.8182,4.8182
199위,7월2주차,중견리더 과정(21주차),중국어,4.8182,4.8182,4.8182,4.8182,4.8182
199위,7월2주차,중견리더 과정(21주차),탁구,4.8182,4.8182,4.8182,4.8182,4.8182
199위,7월3주차,중견리더 과정(22주차),정리수납,4.8182,4.8182,4.8182,4.8182,4.8182
199위,5월4주차,홍보실무 과정,정책홍보에 대한 이해,4.8182,4.8182,4.8182,4.8182,4.8182
208위,4월2주차,중견리더 과정(8주차),스포츠댄스,4.8167,4.8,4.8667,4.7333,4.8667
209위,3월4주차,중견리더 과정(5주차),중국어,4.8152,4.7826,4.8261,4.8261,4.8261
210위,7월2주차,스마트기기 활용 과정,스마트폰 업무환경 최적화하기,4.8132,4.8182,4.8261,4.7826,4.8261
211위,4월2주차,스마트기기 활용 과정,스마트폰 업무환경 최적화,4.8126,4.7692,4.84,4.8077,4.8333
212위,4월3주차,다문화와 사회통합 교육 과정,지역사회통합과 문화다양성,4.8125,5,4.875,4.875,4.5
212위,7월2주차,스마트기기 활용 과정,동영상 편집 앱을 이용한 영상 편집,4.8125,4.8333,4.8333,4.7917,4.7917
214위,3월5주차,중견리더 과정(6주차),중국어,4.8117,4.8095,4.8095,4.8182,4.8095
215위,4월1주차,신규 임용(후보)자 과정(1주차),바람직한 공직관 실천,4.8111,4.7778,4.7778,4.8,4.8889
216위,5월1주차,중견리더 과정(11주차),일본어,4.8088,4.7647,4.8235,4.8235,4.8235
217위,5월5주차,경남의 섬 과정,현장학습(남해),4.8083,4.8333,4.8,4.8,4.8
218위,4월1주차,엑셀 활용 과정,엑셀 함수 활용,4.8077,4.8077,4.8077,4.8077,4.8077
218위,5월2주차,중견리더 과정(12주차),영어,4.8077,4.7692,4.7692,4.8462,4.8462
220위,6월3주차,드론 이해와 실전 활용 과정,드론 원리 이해와 자격증 종류,4.8075,4.88,4.82,4.65,4.88
221위,6월3주차,중견리더 과정(18주차),영어,4.8056,4.8889,4.7778,4.7778,4.7778
222위,7월3주차,미래설계 과정,문화탐방제주도,4.8056,4.8333,4.8333,4.7778,4.7778
222위,6월4주차,중견리더 과정(19주차),중국어,4.8056,4.8333,4.7778,4.8333,4.7778
224위,4월2주차,스마트기기 활용 과정,크롬을 이용한 인터넷 정보 수집 및 관리,4.8054,4.8077,4.8462,4.8077,4.76
225위,3월3주차,중견리더 과정(4주차),한자,4.8036,4.7619,4.8095,4.8333,4.8095
226위,6월2주차,중견리더 과정(17주차),중국어,4.8021,4.8333,4.8333,4.8333,4.7083
227위,5월2주차,지리산 천왕봉 힐링 과정,숲속 자연 명상,4.8017,4.7931,4.7931,4.7931,4.8276
228위,7월4주차,계약실무 과정,계약의 유형,4.8,4.8,4.8,4.8,4.8
228위,4월1주차,신규공무원 역량향상 심화 과정,인사말 작성,4.8,4.8,4.8,4.8,4.8
228위,5월3주차,중견리더 과정(13주차),분임토의,4.8,4.8,4.8,4.8,4.8
228위,6월4주차,중견리더 과정(19주차),한국사,4.8,4.8,4.8,4.8,4.8
228위,7월2주차,중견리더 과정(21주차),가죽공예,4.8,4.8,4.8,4.8,4.8
228위,7월3주차,중견리더 과정(22주차),영어,4.8,4.8,4.8,4.8,4.8
228위,4월2주차,중견리더 과정(8주차),가죽공예,4.8,4.8,4.8,4.8,4.8
235위,5월4주차,미래설계 과정(1주차),나만의 힐링법-아로마테라피,4.7981,4.8077,4.8077,4.7692,4.8077
235위,4월2주차,스마트기기 활용 과정,ChatGPT 업무 활용,4.7981,4.7692,4.8077,4.8077,4.8077
237위,2월5주차,중견리더 과정(2주차),중국어,4.7979,4.8,4.8,4.7917,4.8
238위,7월1주차,중견리더 과정(20주차),외국어,4.7955,4.8182,4.7727,4.7727,4.8182
239위,3월4주차,중견리더 과정(5주차),한자,4.7953,4.8372,4.814,4.7442,4.7857
240위,6월3주차,드론 이해와 실전 활용 과정,조종실습 2,4.7925,4.82,4.82,4.88,4.65
241위,5월4주차,중견리더 과정(14주차),스포츠댄스,4.7924,4.8125,4.7857,4.7857,4.7857
242위,5월5주차,과장급 필수 역량향상 과정,신임과장으로서 비전 만들기,4.7917,4.8333,4.7778,4.7778,4.7778
242위,7월3주차,미래설계 과정,스마트한 뇌건강 관리법,4.7917,4.7778,4.8333,4.7778,4.7778
242위,3월3주차,승마 과정,승마기초 이론,4.7917,4.8333,4.8333,4.8333,4.6667
242위,6월3주차,중견리더 과정(18주차),한자,4.7917,4.8,4.8,4.7667,4.8
246위,5월5주차,경남의 섬 과정,현장학습(통영),4.7917,4.7667,4.8333,4.8,4.7667
246위,5월5주차,경남의 섬 과정,현장학습(거제),4.7917,4.8,4.7667,4.7667,4.8333
246위,3월4주차,중견리더 과정(5주차),일본어,4.7917,4.7778,4.7778,4.7778,4.8333
246위,3월5주차,지방의회 공무원 실무역량 향상 과정,의정활동 홍보전략 및 주민소통,4.7917,4.8333,4.75,4.75,4.8333
250위,5월5주차,경남의 섬 과정,경남의 섬 가치와 미래,4.7899,4.7931,4.8,4.7667,4.8
251위,4월4주차,미래설계 과정(1주차),지역부동산 전망 및 퇴직후 재테크,4.7898,4.7955,4.7727,4.7955,4.7955
252위,5월1주차,5급 관리자 리더십 과정,리더십의 현장 방향서 도출2,4.7895,4.7895,4.7895,4.7895,4.7895
252위,5월1주차,5급 관리자 리더십 과정,리더십을 통한 성과관리의 기술1,4.7895,4.7895,4.7895,4.7895,4.7895
252위,5월1주차,5급 관리자 리더십 과정,리더십을 통한 성과관리의 기술2,4.7895,4.7895,4.7895,4.7895,4.7895
252위,5월1주차,5급 관리자 리더십 과정,리더십을 통한 성과관리의 기술3,4.7895,4.7895,4.7895,4.7895,4.7895
252위,7월3주차,중견리더 과정(22주차),중국어,4.7895,4.7895,4.7895,4.7895,4.7895
252위,4월1주차,중견리더 과정(7주차),가죽공예,4.7895,4.7895,4.7895,4.7895,4.7895
258위,3월3주차,중견리더 과정(4주차),영어,4.7892,4.8235,4.7778,4.7778,4.7778
259위,7월3주차,중견리더 과정(22주차),일본어,4.7885,4.7692,4.7692,4.7692,4.8462
260위,2월5주차,과장급 필수 역량향상 과정,갈등해결 방안 및 효율적인 조직관리,4.7875,4.85,4.75,4.8,4.75
261위,5월4주차,미래설계 과정(1주차),"퇴직 후 인생, 와인처럼 깊어지다",4.7865,4.7692,4.8077,4.7692,4.8
262위,4월2주차,소통의 고수! 민원응대 스킬업 과정,의사소통의 이해 및 감성소통 대화스킬,4.7857,4.7857,4.7857,4.7857,4.7857
262위,4월2주차,소통의 고수! 민원응대 스킬업 과정,인간행동 유형별 스트레스 조절 및 회복탄력성 강화,4.7857,4.7857,4.7857,4.7857,4.7857
262위,5월3주차,중견리더 과정(13주차),일본어,4.7857,4.7143,4.7857,4.8571,4.7857
262위,5월5주차,중견리더 과정(15주차),영어,4.7857,4.7857,4.7857,4.7857,4.7857
262위,4월1주차,중견리더 과정(7주차),영어,4.7857,4.7857,4.7857,4.7857,4.7857
267위,5월4주차,중견리더 과정(14주차),탁구,4.7818,4.7273,4.8,4.8,4.8
268위,4월2주차,소통의 고수! 민원응대 스킬업 과정,민원유형 및 소통패턴별 응대 전략,4.7816,4.7857,4.7857,4.7857,4.7692
269위,7월4주차,7·8급 승진자 역량향상 과정,보도자료 작성실무,4.7813,4.75,4.7917,4.7917,4.7917
270위,4월3주차,다문화와 사회통합 교육 과정,이민정책 패러다임의 변화와 지방정부의 역할,4.7813,4.875,4.875,4.625,4.75
270위,7월3주차,산림정책실무 과정,산림휴양문화시설 조성 및 운영,4.7813,4.75,4.8125,4.75,4.8125
270위,5월3주차,중견리더 과정(13주차),테니스,4.7813,4.75,4.75,4.75,4.875
273위,4월3주차,디자인 플랫폼 활용 과정,디자인 플랫폼의 이해 및 생성형 AI 활용,4.78,4.8,4.8,4.72,4.8
274위,4월3주차,디자인 플랫폼 활용 과정,상황에 맞는 플랫폼 활용 실습,4.7799,4.7917,4.7917,4.6667,4.8696
275위,2월3주차,교육 담당자 역량향상 과정,생성형 AI를 이용한 데이터 정리,4.7778,4.8889,4.7778,4.7778,4.6667
276위,5월5주차,과장급 필수 역량향상 과정,생성형 AI의 직무적용,4.7778,4.7778,4.7778,4.8333,4.7222
276위,7월3주차,미래설계 과정,"커피, 직접내려보는 삶의 여유",4.7778,4.7778,4.7778,4.7778,4.7778
276위,5월3주차,중견리더 과정(13주차),영어,4.7778,4.7778,4.7778,4.7778,4.7778
276위,5월3주차,중견리더 과정(13주차),스포츠댄스,4.7778,4.7778,4.7778,4.7778,4.7778
276위,6월3주차,중견리더 과정(18주차),사진,4.7778,4.8148,4.8148,4.8148,4.6667
276위,7월1주차,중견리더 과정(20주차),동아리 활동,4.7778,4.7778,4.7778,4.7778,4.7778
282위,5월2주차,지리산 천왕봉 힐링 과정,등산 기본 지식 및 안전산행 교육,4.7759,4.8276,4.8276,4.6552,4.7931
283위,4월4주차,미래설계 과정(1주차),나만의 힐링법-아로마테라피,4.7758,4.7442,4.75,4.7907,4.8182
284위,3월2주차,중견리더 과정(3주차),영어,4.7753,4.8,4.7895,4.7222,4.7895
285위,7월4주차,계약실무 과정,계약일반 프로세스,4.775,4.8,4.7,4.8,4.8
286위,6월3주차,업무용 오피스 활용 과정,"한글 활용능력(표,개체), 문서 취합 Tip",4.7748,4.8235,4.8235,4.6875,4.7647
287위,3월3주차,보조금 담당자 실무 과정,지방보조금 실무,4.7734,4.7778,4.7895,4.7368,4.7895
288위,5월1주차,중견리더 과정(11주차),필라테스,4.7727,4.7727,4.7727,4.7727,4.7727
289위,5월1주차,미래설계 과정(2주차),스마트폰 사진 촬영기법,4.7722,4.8,4.7778,4.7333,4.7778
290위,6월2주차,신규공무원 역량향상 심화 과정,e호조 지출·회계 실무,4.7721,4.7647,4.7353,4.7941,4.7941
291위,5월2주차,"세대와 마음을 잇는 소통 ON, 공감 UP 과정",마음열기,4.7708,4.75,4.75,4.75,4.8333
291위,5월2주차,"세대와 마음을 잇는 소통 ON, 공감 UP 과정",우리 조직은? 전사적 참견 시점,4.7708,4.75,4.75,4.75,4.8333
291위,5월2주차,"세대와 마음을 잇는 소통 ON, 공감 UP 과정",우리 함께 어울림2,4.7708,4.75,4.75,4.75,4.8333
294위,4월1주차,중견리더 과정(7주차),중국어,4.77,4.7727,4.7727,4.7727,4.7619
295위,5월1주차,중견리더 과정(11주차),스포츠댄스,4.7692,4.7692,4.7692,4.7692,4.7692
295위,5월3주차,중견리더 과정(13주차),가죽공예,4.7692,4.7692,4.7692,4.7692,4.7692
295위,5월3주차,중견리더 과정(13주차),분임토의,4.7692,4.7692,4.7692,4.7692,4.7692
295위,5월4주차,중견리더 과정(14주차),가죽공예,4.7692,4.7692,4.7692,4.7692,4.7692
299위,5월2주차,지리산 천왕봉 힐링 과정,지리산 천왕봉 등산,4.7672,4.7931,4.7931,4.6897,4.7931
300위,3월4주차,인생 2모작 준비 과정,알기쉬운 세무상식 절세전략,4.7662,4.7857,4.6786,4.7857,4.8148
301위,6월3주차,업무용 오피스 활용 과정,엑셀 기본 활용능력 향상,4.7647,4.8235,4.8235,4.6471,4.7647
301위,6월3주차,업무용 오피스 활용 과정,엑셀실무 활용능력 향상,4.7647,4.8235,4.8235,4.6471,4.7647
301위,6월3주차,업무용 오피스 활용 과정,AI·웹 활용한 자료 작성 및 저작권 무료 소스 활용,4.7647,4.8235,4.8235,4.6471,4.7647
301위,3월3주차,중견리더 과정(4주차),한국사,4.7647,4.7647,4.7647,4.7647,4.7647
305위,5월1주차,5급 관리자 리더십 과정,리더십의 현장 방향서 도출1,4.7632,4.7368,4.7368,4.7895,4.7895
306위,3월5주차,6급 승진자 역량향상 과정,스트레칭과 싱잉볼 명상,4.7619,4.7619,4.7619,4.7619,4.7619
307위,4월4주차,미래설계 과정(1주차),생활속 응급처치,4.7614,4.75,4.7727,4.7727,4.75
308위,5월1주차,명품 스피치 과정,스피치 실습 및 피드백,4.7606,4.7778,4.7778,4.7222,4.7647
309위,7월4주차,7·8급 승진자 역량향상 과정,현장학습,4.7604,4.75,4.75,4.75,4.7917
310위,4월4주차,신규공무원 역량향상 심화 과정,한글실무,4.76,4.77,4.77,4.73,4.77
311위,4월2주차,스마트기기 활용 과정,클라우드 서비스를 활용한 데이터 관리,4.7596,4.7308,4.7692,4.7692,4.7692
312위,7월4주차,7·8급 승진자 역량향상 과정,스트레칭과 싱잉볼 명상,4.7582,4.75,4.7083,4.7826,4.7917
312위,7월4주차,7·8급 승진자 역량향상 과정,소통을 위한 대화기술 및 공감기법,4.7582,4.75,4.75,4.75,4.7826
314위,5월2주차,중견리더 과정(12주차),한자,4.7547,4.7561,4.7561,4.7317,4.775
315위,5월5주차,과장급 필수 역량향상 과정,스트레칭과 싱잉볼 명상,4.7531,4.8125,4.7333,4.7333,4.7333
316위,7월4주차,7·8급 승진자 역량향상 과정,생성형 AI의 직무적용,4.75,4.75,4.75,4.75,4.75
316위,3월2주차,계약실무 과정,계약일반 프로세스,4.75,4.7647,4.7647,4.7059,4.7647
316위,3월3주차,계약실무 과정,공사계약의 이해,4.75,4.75,4.75,4.75,4.75
316위,7월4주차,계약실무 과정,용역계약 실무,4.75,4.8,4.8,4.6,4.8
316위,3월3주차,기간제 근로자 관리자 과정,기간제 근로자 노동분쟁 사례,4.75,4.7333,4.8667,4.6667,4.7333
316위,7월3주차,미래설계 과정,뇌파분석 및 피드백,4.75,4.8333,4.5556,4.7778,4.8333
316위,7월2주차,미래설계 과정(1주차),"퇴직 후 인생, 와인처럼 깊어지다",4.75,4.7778,4.7222,4.7222,4.7778
316위,4월2주차,성별영향평가 과정,성별영향평가 우수사례 연구,4.75,4.7647,4.7647,4.7059,4.7647
316위,3월3주차,신규공무원 역량향상 심화 과정,행사실무,4.75,4.75,4.75,4.75,4.75
316위,3월3주차,신규공무원 역량향상 심화 과정,보조금 실무,4.75,4.75,4.75,4.75,4.75
316위,3월2주차,전입공무원 역량향상 과정,서무업무 실무,4.75,4.7333,4.7667,4.7,4.8
316위,6월1주차,중견리더 과정(16주차),한국사,4.75,4.75,4.75,4.75,4.75
316위,6월2주차,중견리더 과정(17주차),테니스,4.75,4.75,4.75,4.75,4.75
316위,7월1주차,중견리더 과정(20주차),체력관리,4.75,4.75,4.75,4.75,4.75
316위,7월2주차,중견리더 과정(21주차),행정학,4.75,4.7581,4.7419,4.7742,4.7258
316위,7월2주차,중견리더 과정(21주차),테니스,4.75,4.75,4.75,4.75,4.75
316위,3월4주차,중견리더 과정(5주차),영어,4.75,4.7647,4.8235,4.5882,4.8235
316위,4월3주차,중견리더 과정(9주차),중국어,4.75,4.75,4.75,4.75,4.75
316위,3월5주차,지방의회 공무원 실무역량 향상 과정,알고보면 엄청쉬운 공무원 예산이야기,4.75,4.75,4.75,4.75,4.75
316위,5월4주차,지속가능발전 목표 이행 과정,경상남도 지속가능발전 추진전략 및 이행방안,4.75,4.75,4.75,4.75,4.75
316위,5월4주차,지속가능발전 목표 이행 과정,주요업무계획과 SDGs 통합,4.75,4.75,4.75,4.75,4.75
316위,5월4주차,지속가능발전 목표 이행 과정,지방 지속가능발전 업무추진 실무 및 관련법,4.75,4.875,4.875,4.875,4.375
338위,5월1주차,7·8급 승진자 역량향상 과정,스트레칭과 싱잉볼 명상,4.7474,4.75,4.7037,4.7857,4.75
339위,7월4주차,7·8급 승진자 역량향상 과정,"드라마, 영화로 이해하는 청렴",4.7473,4.75,4.75,4.75,4.7391
340위,6월3주차,업무용 오피스 활용 과정,한글 활용능력 빠른 내용 작성 Tip,4.7472,4.8125,4.8235,4.5882,4.7647
341위,7월2주차,중견리더 과정(21주차),헌법,4.7464,4.7742,4.7619,4.7778,4.6719
342위,4월2주차,스마트기기 활용 과정,동영상 편집 앱을 이용한 영상 편집,4.745,4.7308,4.7692,4.68,4.8
343위,6월2주차,신규공무원 역량향상 심화 과정,엑셀실무,4.7429,4.7714,4.7714,4.6286,4.8
344위,5월2주차,중견리더 과정(12주차),"힐링 프로그램(티클래스, 싱잉볼 명상)",4.7428,4.7391,4.7246,4.7536,4.7536
345위,7월3주차,중견리더 과정(22주차),인문학 힐링 콘서트,4.7421,4.7143,4.7619,4.7302,4.7619
346위,7월4주차,계약실무 과정,계약 법령 체계,4.7417,4.7,4.6667,4.8,4.8
346위,3월2주차,전입공무원 역량향상 과정,보고서 작성 실무,4.7417,4.7667,4.7667,4.7,4.7333
348위,7월2주차,중견리더 과정(21주차),한자,4.7413,4.7222,4.75,4.75,4.7429
349위,5월2주차,중견리더 과정(12주차),탁구,4.7411,4.75,4.75,4.75,4.7143
350위,7월3주차,전입공무원 역량향상 과정,스트레칭과 싱잉볼 명상,4.7407,4.7037,4.7407,4.7407,4.7778
351위,3월5주차,6급 승진자 역량향상 과정,기획보고서 작성실무,4.7405,4.7619,4.75,4.7,4.75
352위,5월1주차,5급 관리자 리더십 과정,리더십의 이해1,4.7368,4.7368,4.7368,4.7368,4.7368
352위,5월1주차,5급 관리자 리더십 과정,리더십의 이해2,4.7368,4.7368,4.7368,4.7368,4.7368
352위,6월1주차,중견리더 과정(16주차),한자,4.7368,4.7368,4.7368,4.7368,4.7368
355위,6월2주차,신규공무원 역량향상 심화 과정,한글실무,4.7357,4.76,4.76,4.64,4.7826
356위,2월5주차,중견리더 과정(2주차),영어,4.7353,4.7647,4.7059,4.7059,4.7647
357위,6월4주차,중견리더 과정(19주차),사진,4.7348,4.7308,4.7692,4.7308,4.7083
358위,7월3주차,산림정책실무 과정,"산림재해 예방 및 대처산사태, 산불",4.7344,4.6875,4.75,4.75,4.75
358위,5월3주차,중견리더 과정(13주차),한자,4.7344,4.7188,4.75,4.75,4.7188
358위,3월5주차,중견리더 과정(6주차),영어,4.7344,4.6875,4.75,4.75,4.75
361위,7월2주차,미래설계 과정(1주차),슬기로운 일상속 AI,4.7337,4.7222,4.6667,4.7222,4.8235
362위,7월3주차,명품 스피치 과정,프리젠 테이션 발표 기법,4.7333,4.7333,4.7333,4.7333,4.7333
362위,7월3주차,명품 스피치 과정,인터뷰 및 사회보기,4.7333,4.7333,4.7333,4.7333,4.7333
362위,4월4주차,미래설계 과정(1주차),연금제도의 이해,4.7333,4.7778,4.6889,4.6889,4.7778
362위,4월3주차,중견리더 과정(9주차),일본어,4.7333,4.7333,4.8,4.6667,4.7333
366위,5월5주차,과장급 필수 역량향상 과정,애자일 조직에서 부서장의 역할,4.7328,4.7222,4.7222,4.7222,4.7647
367위,6월3주차,중견리더 과정(18주차),한국사,4.7308,4.6923,4.7692,4.7692,4.6923
368위,7월1주차,신규공무원 역량향상 심화 과정,보도자료 작성,4.7306,4.6897,4.75,4.7586,4.7241
369위,7월3주차,중견리더 과정(22주차),한자,4.7306,4.7222,4.7429,4.7143,4.7429
370위,5월2주차,지리산 천왕봉 힐링 과정,근육이완을 위한 스트레칭,4.7303,4.6897,4.7586,4.7586,4.7143
371위,5월3주차,신규공무원 역량향상 심화 과정,계약실무,4.7302,4.7391,4.7273,4.7273,4.7273
372위,5월4주차,미래설계 과정(1주차),시간관리 생애설계,4.73,4.76,4.68,4.76,4.72
373위,5월3주차,중견리더 과정(13주차),분임토의,4.7292,4.75,4.75,4.6667,4.75
374위,7월3주차,명품 스피치 과정,기본 보이스 트레이닝,4.7286,4.7333,4.7333,4.7333,4.7143
374위,7월3주차,명품 스피치 과정,인사말 작성 방법 및 실습,4.7286,4.7333,4.7333,4.7333,4.7143
376위,4월3주차,시·군 팀장 리더십 과정,팀장의 역할 공감,4.7273,4.7273,4.7273,4.7273,4.7273
376위,4월3주차,시·군 팀장 리더십 과정,갈등해결 및 성과창출 리더십,4.7273,4.7273,4.7273,4.7273,4.7273
376위,4월3주차,시·군 팀장 리더십 과정,팀장의 보고 및 발표스킬,4.7273,4.7273,4.7273,4.7273,4.7273
376위,5월4주차,중견리더 과정(14주차),사진,4.7273,4.7273,4.7273,4.7273,4.7273
376위,6월1주차,중견리더 과정(16주차),가죽공예,4.7273,4.7273,4.7273,4.7273,4.7273
376위,6월2주차,중견리더 과정(17주차),스포츠댄스,4.7273,4.7273,4.7273,4.7273,4.7273
376위,7월1주차,중견리더 과정(20주차),동아리 활동,4.7273,4.7273,4.7273,4.7273,4.7273
376위,5월4주차,홍보실무 과정,챗GPT활용 홍보자료 만들기,4.7273,4.8182,4.6364,4.7273,4.7273
384위,2월5주차,중견리더 과정(2주차),일본어,4.727,4.6818,4.7826,4.7619,4.6818
385위,3월5주차,6급 승진자 역량향상 과정,언론 대응 및 보고 능력 향상,4.7262,4.7143,4.7143,4.6667,4.8095
386위,5월5주차,7·8급 승진자 역량향상 과정,보고서 작성 실무,4.725,4.7,4.8,4.5,4.9
386위,7월4주차,계약실무 과정,적격심사 및 감사지적사례,4.725,4.8,4.6,4.7,4.8
388위,3월2주차,중견리더 과정(3주차),일본어,4.7247,4.7222,4.7059,4.7059,4.7647
389위,5월5주차,과장급 필수 역량향상 과정,조직성과 창출을 위한 리더십,4.7222,4.7222,4.7222,4.7222,4.7222
389위,7월3주차,미래설계 과정,스마트폰 사진 촬영기법,4.7222,4.7222,4.7222,4.7222,4.7222
389위,4월2주차,중견리더 과정(8주차),라탄공예,4.7222,4.6667,4.7778,4.6667,4.7778
392위,7월3주차,미래설계 과정,생활속 응급처치,4.7222,4.7222,4.7222,4.7222,4.7222
393위,4월2주차,항노화산업 탐방 과정,항노화 이해,4.7212,4.7308,4.7308,4.7308,4.6923
393위,4월2주차,항노화산업 탐방 과정,항노화와 현대인의 건강관리,4.7212,4.7308,4.7308,4.6538,4.7692
395위,4월2주차,성별영향평가 과정,양성평등의 이해,4.7206,4.7059,4.7059,4.7059,4.7647
395위,2월5주차,중견리더 과정(2주차),일본어,4.7206,4.6471,4.7647,4.7059,4.7647
397위,3월4주차,업무용 오피스 활용 과정,AI로 PPT 제작하기,4.7206,4.75,4.75,4.6786,4.7037
398위,6월2주차,중견리더 과정(17주차),정리수납,4.7199,4.75,4.75,4.6522,4.7273
399위,4월4주차,중견리더 과정(10주차),한자,4.7196,4.6512,4.75,4.7273,4.75
400위,5월2주차,중견리더 과정(12주차),행정학,4.7191,4.7067,4.72,4.7333,4.7162
401위,3월5주차,기획능력 향상 과정,전략적 기획 마인드의 이해,4.7188,4.625,4.625,4.75,4.875
401위,3월5주차,기획능력 향상 과정,기획보고서 유형별 작성법,4.7188,4.625,4.625,4.75,4.875
401위,3월5주차,기획능력 향상 과정,기획보고서 작성 실습,4.7188,4.625,4.625,4.75,4.875
401위,7월3주차,산림정책실무 과정,산림조성사업의 필요성,4.7188,4.6875,4.75,4.75,4.6875
401위,4월4주차,중견리더 과정(10주차),테니스,4.7188,4.625,4.75,4.75,4.75
401위,5월1주차,중견리더 과정(11주차),테니스,4.7188,4.625,4.75,4.75,4.75
401위,5월4주차,지속가능발전 목표 이행 과정,지속가능발전 목표수립 개념잡기,4.7188,4.75,4.75,4.625,4.75
401위,5월4주차,지속가능발전 목표 이행 과정,지속가능발전 이행계획 실무실습,4.7188,4.75,4.75,4.625,4.75
409위,6월1주차,중견리더 과정(16주차),정리수납,4.7188,4.7083,4.75,4.7083,4.7083
410위,3월3주차,신규 임용(후보)자 과정(2주차),회계실무,4.718,4.7209,4.7209,4.686,4.7442
411위,5월4주차,중견리더 과정(14주차),정리수납,4.7174,4.6957,4.7826,4.6957,4.6957
412위,7월3주차,명품 스피치 과정,신뢰감을 주는 스피치 기법,4.7167,4.7333,4.7333,4.6667,4.7333
412위,7월3주차,명품 스피치 과정,목소리 진단 및 실습,4.7167,4.6667,4.7333,4.7333,4.7333
412위,6월3주차,중견리더 과정(18주차),정리수납,4.7167,4.7333,4.7333,4.7333,4.6667
415위,4월4주차,미래설계 과정(1주차),슬기로운 일상속 AI,4.7159,4.7273,4.75,4.6364,4.75
415위,5월3주차,중견리더 과정(13주차),정리수납,4.7159,4.6818,4.7727,4.6818,4.7273
417위,5월5주차,미래설계 과정(2주차),알기쉬운 세무상식 절세전략,4.7154,4.72,4.7692,4.6923,4.68
418위,3월5주차,6급 승진자 역량향상 과정,역량에 대한 이해 모의과제: 역할연기,4.7143,4.6667,4.7143,4.7619,4.7143
418위,3월5주차,기획능력 향상 과정,기획보고서 이해,4.7143,4.625,4.625,4.75,4.8571
418위,5월4주차,중견리더 과정(14주차),미술,4.7143,4.7143,4.7143,4.7143,4.7143
418위,7월2주차,중견리더 과정(21주차),미술,4.7143,4.7143,4.7143,4.7143,4.7143
418위,4월2주차,중견리더 과정(8주차),영어,4.7143,4.7143,4.7143,4.7143,4.7143
423위,3월4주차,업무용 오피스 활용 과정,업무능력 향상되는 스마트폰 활용,4.713,4.7407,4.7407,4.6667,4.7037
424위,5월4주차,중견리더 과정(14주차),한자,4.7126,4.7073,4.725,4.7,4.7179
425위,7월2주차,중견리더 과정(21주차),우주 먼지 이야기,4.7125,4.7333,4.7333,4.6833,4.7
426위,3월5주차,중견리더 과정(6주차),일본어,4.7125,4.7,4.75,4.7,4.7
427위,7월1주차,중견리더 과정(20주차),"자격증(한자,한국사,정리수납)",4.7121,4.697,4.697,4.697,4.7576
428위,4월4주차,중견리더 과정(10주차),라탄공예,4.7118,4.6667,4.7778,4.7778,4.625
429위,3월2주차,중견리더 과정(3주차),한자,4.7116,4.7297,4.7568,4.6757,4.6842
430위,4월4주차,중견리더 과정(10주차),한국사,4.7115,4.6923,4.7692,4.6923,4.6923
431위,4월2주차,중견리더 과정(8주차),한자,4.7111,4.7111,4.7556,4.7111,4.6667
432위,4월4주차,중견리더 과정(10주차),사진,4.7103,4.7241,4.7241,4.7143,4.6786
433위,5월3주차,신규공무원 역량향상 심화 과정,한글실무,4.7083,4.7222,4.6667,4.6667,4.7778
433위,6월3주차,중견리더 과정(18주차),일본어,4.7083,4.6667,4.6667,4.75,4.75
435위,3월2주차,전입공무원 역량향상 과정,e호조(지출) 실무,4.7083,4.7333,4.7,4.7,4.7
436위,3월3주차,계약실무 과정,계약의 유형,4.7079,4.7,4.75,4.75,4.6316
437위,6월2주차,중견리더 과정(17주차),한자,4.7073,4.7073,4.7073,4.7073,4.7073
438위,4월3주차,신규 임용(후보)자 과정(3주차),공무원 노사관계의 이해,4.7066,4.7143,4.7073,4.7381,4.6667
439위,2월5주차,7·8급 승진자 역량향상 과정,스트레칭과 싱잉볼 명상,4.7065,4.6957,4.6957,4.7391,4.6957
440위,4월2주차,성별영향평가 과정,경상남도의 성인지 정책,4.7059,4.7059,4.7059,4.7059,4.7059
440위,4월1주차,신규공무원 역량향상 심화 과정,공사감독 및 현장점검 요령,4.7059,4.7059,4.7059,4.7059,4.7059
440위,6월3주차,업무용 오피스 활용 과정,PPT 활용능력 향상,4.7059,4.8235,4.5882,4.6471,4.7647
443위,6월3주차,업무용 오피스 활용 과정,엑셀 데이터 취합 및 분석 능력 향상,4.7059,4.8235,4.8235,4.6471,4.5294
444위,5월1주차,미래설계 과정(2주차),알기쉬운 세무상식 절세전략,4.7056,4.6667,4.7111,4.7111,4.7333
445위,5월3주차,업무용 오피스 활용 과정,쉽지만 강력한 엑셀 기초,4.703,4.7143,4.7143,4.6429,4.7407
445위,2월5주차,예산회계 실무 과정,회계실무,4.703,4.6786,4.6786,4.7143,4.7407
447위,3월5주차,6급 승진자 역량향상 과정,소통과 갈등관리,4.7024,4.7143,4.6667,4.6667,4.7619
448위,4월1주차,엑셀 활용 과정,업무에 바로 쓰는 엑셀 기본,4.7019,4.8077,4.6538,4.7308,4.6154
449위,4월1주차,중견리더 과정(7주차),테니스,4.7013,4.7059,4.7059,4.7059,4.6875
450위,5월1주차,중견리더 과정(11주차),행정학,4.701,4.6986,4.7123,4.6986,4.6944
451위,3월2주차,한글 활용 과정,한글 중급,4.7005,4.6538,4.7407,4.7037,4.7037
452위,3월3주차,계약실무 과정,적격심사 및 감사지적사례,4.7,4.7,4.7,4.7,4.7
452위,4월4주차,신규공무원 역량향상 심화 과정,엑셀실무,4.7,4.71,4.71,4.68,4.7
452위,6월2주차,신규공무원 역량향상 심화 과정,홍보템플릿 실무,4.7,4.7,4.7,4.7,4.7
452위,7월1주차,신규공무원 역량향상 심화 과정,e-호조 지출‧회계 실무,4.7,4.6857,4.6857,4.7143,4.7143
452위,4월4주차,중견리더 과정(10주차),미술,4.7,4.7,4.7,4.7,4.7
452위,5월4주차,중견리더 과정(14주차),영어,4.7,4.8,4.4,4.8,4.8
458위,6월3주차,중견리더 과정(18주차),행정학,4.7,4.66,4.72,4.7,4.72
459위,7월2주차,미래설계 과정(1주차),나만의 힐링법-아로마테라피-,4.6999,4.6667,4.5556,4.7647,4.8125
460위,6월2주차,중견리더 과정(17주차),가죽공예,4.699,4.7333,4.75,4.5625,4.75
461위,4월2주차,신규 임용(후보)자 과정(2주차),회계실무,4.6989,4.7273,4.75,4.6136,4.7045
462위,4월3주차,신규 임용(후보)자 과정(3주차),청탁금지법의 이해,4.6964,4.6667,4.7143,4.6905,4.7143
462위,5월3주차,업무용 오피스 활용 과정,AI를 활용한 PPT 제작,4.6964,4.7143,4.7143,4.6429,4.7143
462위,5월3주차,업무용 오피스 활용 과정,엑셀 실무 함수 활용,4.6964,4.7143,4.7143,4.6429,4.7143
462위,5월3주차,업무용 오피스 활용 과정,업무에 바로쓰는 엑셀 TIP,4.6964,4.7143,4.7143,4.6429,4.7143
462위,5월3주차,업무용 오피스 활용 과정,엑셀 데이터 분석 및 시각화,4.6964,4.7143,4.7143,4.6429,4.7143
462위,5월3주차,업무용 오피스 활용 과정,보고서 작성에 필요한 한글 TIP,4.6964,4.7143,4.7143,4.6429,4.7143
468위,5월5주차,과장급 필수 역량향상 과정,청렴교육,4.6964,4.7143,4.7143,4.7143,4.6429
468위,3월4주차,업무용 오피스 활용 과정,챗GPT로 엑셀문제 해결,4.6964,4.7143,4.7143,4.6786,4.6786
470위,5월3주차,중견리더 과정(13주차),사진,4.6953,4.6875,4.7188,4.6875,4.6875
471위,7월1주차,업무용 오피스 활용 과정,엑셀/파워포인트를 활용한 한글 문서 편집,4.6944,4.6667,4.7222,4.7222,4.6667
471위,5월3주차,중견리더 과정(13주차),라탄공예,4.6944,4.6667,4.6667,4.6667,4.7778
473위,3월4주차,중견리더 과정(5주차),일본어,4.6944,4.5,4.8333,4.7222,4.7222
474위,3월4주차,신규 임용(후보)자 과정(3주차),직장 내 괴롭힘 예방,4.6942,4.6829,4.6951,4.7073,4.6914
475위,3월3주차,신규 임용(후보)자 과정(2주차),슬기로운 방첩생활,4.6939,4.6744,4.6977,4.686,4.7176
476위,5월3주차,신규공무원 역량향상 심화 과정,e-호조 지출·회계 실무,4.6936,4.6857,4.6857,4.697,4.7059
477위,3월2주차,한글 활용 과정,한글 초급,4.6935,4.6429,4.7857,4.6667,4.6786
478위,5월5주차,미래설계 과정(2주차),스마트한 뇌건강 관리법,4.6923,4.6923,4.7308,4.6538,4.6923
479위,5월2주차,중견리더 과정(12주차),가죽공예,4.6923,4.7692,4.4615,4.7692,4.7692
479위,7월2주차,중견리더 과정(21주차),일본어,4.6923,4.6923,4.7692,4.6154,4.6923
481위,3월3주차,신규 임용(후보)자 과정(2주차),공무원 연금제도의 이해,4.6919,4.686,4.686,4.6977,4.6977
482위,7월1주차,중견리더 과정(20주차),체력관리,4.6917,4.7,4.7,4.7,4.6667
483위,3월5주차,중견리더 과정(6주차),한국사,4.6912,4.7059,4.5882,4.7059,4.7647
484위,3월4주차,신규 임용(후보)자 과정(3주차),청탁금지법의 이해,4.6911,4.6951,4.6951,4.7073,4.6667
485위,3월5주차,6급 승진자 역량향상 과정,역량개발 이해,4.6905,4.6667,4.6667,4.7143,4.7143
485위,3월3주차,기간제 근로자 관리자 과정,근로기준법 및 노무관련 법령,4.6905,4.6,4.7143,4.7333,4.7143
487위,5월1주차,7·8급 승진자 역량향상 과정,보도자료 작성실무,4.6897,4.7241,4.6552,4.6897,4.6897
488위,5월4주차,미래설계 과정(1주차),동의보감에 나타난 성인병 예방,4.6892,4.6923,4.7692,4.6154,4.68
489위,6월2주차,재난관리 실무 과정,심폐소생술 및 응급처치,4.6892,4.6216,4.7297,4.7297,4.6757
490위,2월5주차,중견리더 과정(2주차),독도를 통한 올바른 역사 인식,4.6882,4.7176,4.6941,4.6235,4.7176
491위,4월3주차,다문화와 사회통합 교육 과정,다문화 인권감수성,4.6875,4.875,4.75,4.375,4.75
491위,7월3주차,산림정책실무 과정,경남 산림정책 방향과 미래,4.6875,4.6875,4.75,4.5625,4.75
491위,5월3주차,신규공무원 역량향상 심화 과정,공사감독 및 현장점검 요령,4.6875,4.5,4.75,4.75,4.75
491위,3월4주차,업무용 오피스 활용 과정,엑셀 기본 활용능력 향상,4.6875,4.6786,4.75,4.6429,4.6786
491위,3월4주차,인생 2모작 준비 과정,생애설계와 실천전략,4.6875,4.6786,4.6429,4.6786,4.75
491위,5월2주차,중견리더 과정(12주차),테니스,4.6875,4.75,4.7143,4.7143,4.5714
491위,6월2주차,중견리더 과정(17주차),생활 속 재난대응법,4.6875,4.6806,4.7083,4.6806,4.6806
491위,2월4주차,중견리더 과정(1주차),골든타임119 팀빌딩,4.6875,4.6818,4.6932,4.6818,4.6932
491위,4월1주차,행사 실무 과정,행사준비,4.6875,4.625,4.75,4.6875,4.6875
500위,3월2주차,신규 임용(후보)자 과정(1주차),공직가치 액션러닝(골든타임 119),4.6854,4.6966,4.6742,4.6629,4.7079
501위,7월3주차,전입공무원 역량향상 과정,서무업무 실무,4.6852,4.7407,4.6667,4.6296,4.7037
502위,6월3주차,중견리더 과정(18주차),필라테스,4.6842,4.6842,4.6842,4.6842,4.6842
503위,3월2주차,중견리더 과정(3주차),행정학,4.6838,4.6582,4.6923,4.6923,4.6923
504위,7월3주차,명품 스피치 과정,스피치 실습 및 피드백,4.6833,4.5333,4.7333,4.7333,4.7333
504위,7월1주차,신규공무원 역량향상 심화 과정,공사감독 및 현장점검 요령,4.6833,4.7333,4.6667,4.6667,4.6667
504위,3월2주차,전입공무원 역량향상 과정,후생복지 및 직장 내 괴롭힘 예방,4.6833,4.6667,4.7,4.7,4.6667
507위,5월3주차,중견리더 과정(13주차),한국사,4.6818,4.6364,4.7273,4.7273,4.6364
508위,7월2주차,미래설계 과정(1주차),알기쉬운 세무상식 절세전략,4.6806,4.6667,4.6667,4.6667,4.7222
509위,5월5주차,중견리더 과정(15주차),챗GPT 활용,4.6801,4.6618,4.6912,4.6912,4.6765
510위,4월4주차,중견리더 과정(10주차),필라테스,4.68,4.68,4.68,4.68,4.68
511위,3월5주차,기획능력 향상 과정,기획의 이론과 실제,4.6786,4.5714,4.5714,4.7143,4.8571
511위,7월3주차,명품 스피치 과정,프리젠 테이션 작성법,4.6786,4.7333,4.7333,4.5333,4.7143
511위,4월3주차,신규 임용(후보)자 과정(3주차),보고서 작성 실습,4.6786,4.6905,4.7143,4.619,4.6905
511위,5월3주차,신규공무원 역량향상 심화 과정,보조금 실무,4.6786,4.6364,4.6818,4.6818,4.7143
511위,5월2주차,중견리더 과정(12주차),미술,4.6786,4.7143,4.7143,4.5714,4.7143
516위,4월4주차,미래설계 과정(1주차),건강한 삶을 위한 감정관리,4.6783,4.6512,4.6667,4.6977,4.6977
517위,6월2주차,중견리더 과정(17주차),일본어,4.6774,4.6667,4.7333,4.6667,4.6429
518위,7월3주차,중견리더 과정(22주차),행복을 미루지 마세요,4.6772,4.6825,4.6984,4.6667,4.6613
519위,3월3주차,중견리더 과정(4주차),행정학,4.6772,4.6329,4.7215,4.6456,4.7089
520위,2월4주차,중견리더 과정(1주차),중견리더 이미지업 레이스,4.6761,4.6818,4.6818,4.6591,4.6818
521위,5월3주차,신규공무원 역량향상 심화 과정,보도자료 작성,4.6759,4.6667,4.6667,4.6667,4.7037
521위,3월4주차,업무용 오피스 활용 과정,엑셀 고급 활용능력 향상,4.6759,4.6786,4.6786,4.6429,4.7037
523위,4월4주차,시·군 팀장 리더십 과정,팀장의 역할 공감,4.675,4.7,4.7,4.65,4.65
523위,4월1주차,신규공무원 역량향상 심화 과정,e호조 지출·회계 실무,4.675,4.7,4.7,4.6333,4.6667
523위,3월2주차,전입공무원 역량향상 과정,계약실무,4.675,4.6667,4.7,4.6667,4.6667
523위,7월2주차,중견리더 과정(21주차),라탄공예,4.675,4.7,4.7,4.7,4.6
527위,5월5주차,중견리더 과정(15주차),행정학,4.6746,4.6667,4.6984,4.6508,4.6825
528위,2월4주차,중견리더 과정(1주차),자기진단을 통한 변화관리,4.6744,4.6818,4.6705,4.6591,4.686
529위,3월4주차,신규 임용(후보)자 과정(3주차),"현장 적응 실습(출장, 초과 등)",4.6738,4.6707,4.6829,4.6707,4.6707
530위,5월5주차,미래설계 과정(2주차),스마트폰 사진 촬영기법,4.6731,4.7692,4.7308,4.6923,4.5
531위,2월5주차,중견리더 과정(2주차),행정학,4.672,4.679,4.7317,4.6265,4.6506
532위,3월3주차,중견리더 과정(4주차),일본어,4.6719,4.625,4.75,4.6875,4.625
533위,3월3주차,계약실무 과정,계약일반 프로세스,4.6717,4.65,4.65,4.7368,4.65
534위,5월5주차,한글 활용 과정,보기 좋고 읽기 편한 보고서 작성,4.6711,4.6842,4.6842,4.6842,4.6316
535위,4월1주차,신규공무원 역량향상 심화 과정,보조금 실무,4.671,4.6471,4.7059,4.7059,4.625
536위,7월1주차,업무용 오피스 활용 과정,쉽지만 강력한 엑셀 기초 및 활용 TIP,4.6704,4.65,4.7,4.7,4.6316
537위,4월1주차,건축 실무 과정,건축공사 현장관리 및 시공점검,4.6702,4.6667,4.6296,4.6538,4.7308
538위,3월4주차,업무용 오피스 활용 과정,한글 제대로 사용하기,4.6696,4.6786,4.6786,4.6429,4.6786
538위,3월4주차,업무용 오피스 활용 과정,한글 200% 활용하기,4.6696,4.6786,4.6786,4.6429,4.6786
538위,5월3주차,업무용 오피스 활용 과정,일잘러를 위한 PPT 활용 TIP,4.6696,4.7143,4.6071,4.6429,4.7143
538위,3월4주차,인생 2모작 준비 과정,연금제도 이해 및 퇴직 후 자산 관리,4.6696,4.5714,4.7143,4.7143,4.6786
542위,5월3주차,중견리더 과정(13주차),행정학,4.6693,4.6508,4.6984,4.6613,4.6667
543위,5월5주차,중견리더 과정(15주차),생성형AI 활용,4.6691,4.6912,4.6618,4.6765,4.6471
544위,3월4주차,신규 임용(후보)자 과정(3주차),차세대 지방재정관리 시스템,4.6677,4.6585,4.6951,4.6341,4.6829
545위,5월5주차,과장급 필수 역량향상 과정,리더들의 공감대 형성,4.6667,4.6667,4.7222,4.5556,4.7222
545위,5월5주차,기후위기 적응·대응 과정,기후위기 사례,4.6667,4.6667,4.6667,4.6667,4.6667
545위,4월3주차,신규 임용(후보)자 과정(3주차),독도를 통한 올바른 역사 인식,4.6667,4.6429,4.6905,4.6905,4.6429
545위,3월3주차,신규공무원 역량향상 심화 과정,인사말 작성,4.6667,4.6667,4.6667,4.6667,4.6667
545위,4월1주차,신규공무원 역량향상 심화 과정,행사실무,4.6667,4.6667,4.6111,4.6667,4.7222
545위,4월1주차,신규공무원 역량향상 심화 과정,한글실무,4.6667,4.6,4.6667,4.7333,4.6667
545위,4월4주차,중견리더 과정(10주차),가죽공예,4.6667,4.6667,4.6667,4.6667,4.6667
545위,5월3주차,중견리더 과정(13주차),탁구,4.6667,4.6667,4.6667,4.6667,4.6667
545위,5월4주차,중견리더 과정(14주차),테니스,4.6667,4.6667,4.6667,4.6667,4.6667
545위,6월4주차,중견리더 과정(19주차),미술,4.6667,4.6667,4.6667,4.6667,4.6667
545위,7월3주차,중견리더 과정(22주차),가죽공예,4.6667,4.6667,4.6667,4.6667,4.6667
545위,4월3주차,중견리더 과정(9주차),영어,4.6667,4.6667,4.6667,4.6667,4.6667
545위,3월5주차,지방의회 공무원 실무역량 향상 과정,소통을 위한 대화기술 및 공감기법,4.6667,4.6667,4.6667,4.6667,4.6667
545위,7월2주차,투자유치 활성화 과정,글로벌 투자유치 현황과 실무프로세스,4.6667,4.6667,4.6667,4.6667,4.6667
545위,7월2주차,투자유치 활성화 과정,투자유치 법령 및 제도 이해,4.6667,4.6667,4.6667,4.6667,4.6667
545위,7월2주차,투자유치 활성화 과정,경남도 투자유치 우수사례,4.6667,4.6667,4.6667,4.6667,4.6667
561위,7월2주차,중견리더 과정(21주차),사진,4.6665,4.6667,4.6857,4.6471,4.6667
562위,3월3주차,신규 임용(후보)자 과정(2주차),디지털·미래대응 교육 이해 및 실습,4.6657,4.6744,4.6279,4.686,4.6744
563위,3월4주차,신규 임용(후보)자 과정(3주차),독도를 통한 올바른 역사 인식,4.6646,4.6585,4.6341,4.6829,4.6829
564위,6월4주차,중견리더 과정(19주차),한자,4.6641,4.6563,4.6875,4.6563,4.6563
565위,2월5주차,과장급 필수 역량향상 과정,소통을 위한 대화의 기술 공감기법,4.6625,4.65,4.6,4.65,4.75
566위,5월4주차,중견리더 과정(14주차),일본어,4.6621,4.5714,4.7692,4.6154,4.6923
567위,7월2주차,중견리더 과정(21주차),해설이 있는 영화 속 클래식,4.662,4.6667,4.6852,4.6481,4.6481
568위,5월5주차,과장급 필수 역량향상 과정,역량교육의 이해,4.6618,4.6667,4.6471,4.7222,4.6111
569위,5월2주차,"세대와 마음을 잇는 소통 ON, 공감 UP 과정",우리 함께 어울림1,4.661,4.75,4.75,4.4167,4.7273
570위,3월4주차,업무용 오피스 활용 과정,업무에 바로 사용하는 엑셀TIP,4.6607,4.6429,4.6786,4.6786,4.6429
571위,4월2주차,중견리더 과정(8주차),일본어,4.6607,4.5714,4.7857,4.5714,4.7143
572위,3월5주차,중견리더 과정(6주차),행정학,4.6602,4.6447,4.6842,4.6623,4.6494
573위,4월2주차,중견리더 과정(8주차),일본어,4.6595,4.6667,4.7333,4.6667,4.5714
574위,4월1주차,기야사 바로알기 과정,세계유산 가야고분군의 가치이해,4.6591,4.7273,4.8182,4.4545,4.6364
574위,4월3주차,시·군 팀장 리더십 과정,소통을 위한 대화기술 및 공감기법,4.6591,4.6364,4.6364,4.6364,4.7273
576위,3월4주차,신규 임용(후보)자 과정(3주차),보고서 작성 실습,4.6585,4.6585,4.6585,4.6463,4.6707
576위,3월4주차,중견리더 과정(5주차),행정학,4.6585,4.6341,4.6951,4.6585,4.6463
578위,7월1주차,업무용 오피스 활용 과정,엑셀 실무 함수 활용,4.6579,4.65,4.7,4.65,4.6316
579위,7월1주차,업무용 오피스 활용 과정,엑셀 데이터 분석 및 시각화,4.6579,4.65,4.65,4.7,4.6316
580위,3월4주차,신규 임용(후보)자 과정(3주차),성찰 및 비전 수립,4.6574,4.6667,4.642,4.642,4.679
581위,3월4주차,경남의 교통과 미래항공 모빌리티(AAM) 산업 과정,스마트 교통시스템의 개념과 적용사례,4.6563,4.625,4.6875,4.625,4.6875
581위,3월5주차,중견리더 과정(6주차),일본어,4.6563,4.625,4.6875,4.625,4.6875
583위,3월2주차,신규 임용(후보)자 과정(1주차),Open mind/팀빌딩,4.6554,4.6292,4.5909,4.6742,4.7273
584위,3월5주차,6급 승진자 역량향상 과정,생성형 AI의 직무적용,4.6548,4.7619,4.7143,4.6667,4.4762
584위,7월2주차,중견리더 과정(21주차),정리수납,4.6548,4.619,4.6667,4.6667,4.6667
584위,7월3주차,한글 활용 과정,빠른 보고서 작성을 위한 한글 Tip,4.6548,4.6667,4.7143,4.7143,4.5238
587위,6월1주차,중견리더 과정(16주차),일본어,4.6538,4.6429,4.7143,4.6154,4.6429
588위,7월2주차,경남의 복지 과정,소통을 위한 대화의 기술과 공감 기법,4.6538,4.6429,4.7143,4.6429,4.6154
589위,4월1주차,중견리더 과정(7주차),일본어,4.6536,4.6429,4.7333,4.6667,4.5714
590위,4월3주차,신규 임용(후보)자 과정(3주차),일반서무 업무 알아보기,4.6529,4.6667,4.6905,4.5714,4.6829
591위,7월3주차,미래설계 과정,인문학 콘서트,4.6528,4.6667,4.6667,4.6111,4.6667
592위,4월1주차,중견리더 과정(7주차),한자,4.6526,4.5714,4.7143,4.6905,4.6341
593위,3월4주차,신규 임용(후보)자 과정(3주차),일반서무 업무 알아보기,4.6524,4.6585,4.622,4.6707,4.6585
594위,5월1주차,엑셀 활용 과정,쉽고 빠른 데이터 엑셀 표 작성,4.6524,4.6207,4.6552,4.6552,4.6786
595위,4월1주차,신규공무원 역량향상 심화 과정,보도자료 작성,4.6522,4.6522,4.6087,4.6957,4.6522
596위,4월4주차,신규공무원 역량향상 심화 과정,인사말 작성,4.65,4.65,4.65,4.65,4.65
596위,6월3주차,중견리더 과정(18주차),영어,4.65,4.7,4.7,4.6,4.6
598위,7월2주차,중견리더 과정(21주차),리더의 미디어 커뮤니케이션,4.6495,4.6667,4.6032,4.6508,4.6774
599위,4월4주차,중견리더 과정(10주차),행정학,4.6493,4.6389,4.6806,4.6389,4.6389
600위,4월2주차,중견리더 과정(8주차),필라테스,4.6488,4.6429,4.6429,4.6429,4.6667
601위,4월1주차,건축 실무 과정,소통을 위한 대화기술 및 공감기법,4.6481,4.6667,4.6296,4.5926,4.7037
601위,3월3주차,신규공무원 역량향상 심화 과정,엑셀실무,4.6481,4.6296,4.7037,4.6296,4.6296
603위,2월4주차,중견리더 과정(1주차),지속적인 자기개발 방법 제시 및 목표설정,4.6477,4.6591,4.6136,4.6591,4.6591
603위,3월4주차,토목실무 과정,설계도서 작성의 이해,4.6477,4.6364,4.6364,4.6364,4.6818
605위,6월3주차,드론 이해와 실전 활용 과정,조종실습 3,4.6475,4.71,4.65,4.76,4.47
606위,5월3주차,재난관리 실무 과정,소통을 위한 대화의 기술과 공감 기법,4.6464,4.6486,4.5946,4.6757,4.6667
607위,4월4주차,중견리더 과정(10주차),영어,4.6458,4.4167,4.75,4.75,4.6667
607위,6월2주차,중견리더 과정(17주차),사진,4.6458,4.6389,4.6667,4.6389,4.6389
609위,3월3주차,계약실무 과정,계약 법령 체계,4.6454,4.65,4.7,4.6,4.6316
610위,7월3주차,중견리더 과정(22주차),헌법,4.6449,4.6333,4.6721,4.5806,4.6935
611위,5월5주차,한글 활용 과정,문서 편집 고급 팁,4.6447,4.5263,4.6842,4.6842,4.6842
612위,5월5주차,미래설계 과정(2주차),슬기로운 일상속 AI,4.6442,4.6538,4.6923,4.6923,4.5385
613위,4월4주차,시·군 팀장 리더십 과정,갈등해결 및 성과창출 리더십,4.6442,4.65,4.7368,4.5789,4.6111
614위,5월2주차,중견리더 과정(12주차),일본어,4.6431,4.6,4.7143,4.6429,4.6154
615위,7월2주차,경남의 복지 과정,장애인 복지사업의 이해 및 토론,4.6429,4.5714,4.7143,4.6429,4.6429
616위,2월5주차,중견리더 과정(2주차),보이스트레이닝,4.6423,4.6386,4.6867,4.6265,4.6173
617위,3월3주차,신규 임용(후보)자 과정(2주차),공무원 노사관계의 이해,4.6414,4.6471,4.6395,4.6512,4.6279
618위,2월5주차,7·8급 승진자 역량향상 과정,덜 지치는 직장생활,4.6413,4.6957,4.6522,4.6522,4.5652
619위,3월2주차,계약실무 과정,적격심사 및 감사지적사례,4.6406,4.6875,4.625,4.625,4.625
619위,5월3주차,신규공무원 역량향상 심화 과정,엑셀실무,4.6406,4.6563,4.6563,4.6563,4.5938
619위,4월4주차,중견리더 과정(10주차),일본어,4.6406,4.6875,4.5,4.6875,4.6875
622위,4월4주차,미래설계 과정(1주차),시간관리 생애설계,4.6405,4.7209,4.6136,4.6136,4.6136
623위,4월4주차,신규공무원 역량향상 심화 과정,e호조 지출·회계 실무,4.64,4.67,4.58,4.64,4.67
624위,3월3주차,보조금 담당자 실무 과정,지방보조금 관리시스템(보탬e) 활용,4.6396,4.6111,4.6316,4.6316,4.6842
625위,2월3주차,교육 담당자 역량향상 과정,소통을 위한 대화기술 공감기법,4.6389,4.6667,4.6667,4.5556,4.6667
626위,7월2주차,중견리더 과정(21주차),리더의 언어,4.6389,4.619,4.6508,4.619,4.6667
626위,3월4주차,중견리더 과정(5주차),한국사,4.6389,4.6111,4.7222,4.6111,4.6111
628위,2월5주차,중견리더 과정(2주차),헌법,4.6382,4.6471,4.6471,4.6588,4.6
629위,4월4주차,중견리더 과정(10주차),일본어,4.638,4.5714,4.75,4.6154,4.6154
630위,7월1주차,업무용 오피스 활용 과정,문서 작성 실무 활용,4.6375,4.6,4.65,4.65,4.65
631위,6월2주차,중견리더 과정(17주차),탁구,4.6364,4.6364,4.6364,4.6364,4.6364
631위,6월4주차,중견리더 과정(19주차),일본어,4.6364,4.6364,4.6364,4.6364,4.6364
631위,6월4주차,중견리더 과정(19주차),가죽공예,4.6364,4.6364,4.6364,4.6364,4.6364
631위,7월3주차,중견리더 과정(22주차),영어,4.6364,4.6364,4.6364,4.6364,4.6364
631위,2월5주차,중견리더 과정(2주차),영어,4.6364,4.5909,4.6364,4.6818,4.6364
631위,4월2주차,중견리더 과정(8주차),탁구,4.6364,4.6364,4.6364,4.6364,4.6364
631위,5월4주차,홍보실무 과정,지방보조금 관리시스템(보탬e) 활용,4.6364,4.6364,4.6364,4.6364,4.6364
638위,7월4주차,공공언어 바르게 쓰기 과정,공공언어의 개념 및 특성,4.6346,4.6154,4.6154,4.6154,4.6923
638위,7월3주차,중견리더 과정(22주차),일본어,4.6346,4.6154,4.6923,4.6154,4.6154
640위,5월4주차,중견리더 과정(14주차),행정학,4.6346,4.6324,4.6471,4.6471,4.6119
641위,4월1주차,중견리더 과정(7주차),한국사,4.6344,4.625,4.6875,4.625,4.6
642위,2월5주차,예산회계 실무 과정,예산실무,4.6339,4.6429,4.6786,4.5,4.7143
643위,5월1주차,엑셀 활용 과정,데이터 시각화 및 데이터 분석 명령,4.6339,4.7143,4.5357,4.6429,4.6429
644위,4월4주차,시·군 팀장 리더십 과정,소통을 위한 대화기술 및 공감기법,4.6336,4.6842,4.65,4.6,4.6
645위,3월3주차,기간제 근로자 관리자 과정,기간제 근로관계 일반론,4.6333,4.6,4.7333,4.5333,4.6667
645위,3월3주차,기간제 근로자 관리자 과정,기간제 근로자 관리실무자 사례공유,4.6333,4.6667,4.6667,4.6,4.6
647위,4월4주차,시·군 팀장 리더십 과정,신임팀장 비전만들기,4.6329,4.65,4.65,4.6316,4.6
648위,6월2주차,재난관리 실무 과정,소통을 위한 대화기술 및 공감기법,4.6323,4.5833,4.6216,4.6757,4.6486
649위,3월2주차,신규 임용(후보)자 과정(1주차),바람직한 공직관 실천,4.632,4.6292,4.618,4.5393,4.7416
650위,3월2주차,신규 임용(후보)자 과정(1주차),경남의 도정과제공유(시군정책 이해를 통한 공감경남 만들기),4.632,4.6517,4.5618,4.6292,4.6854
651위,5월2주차,중견리더 과정(12주차),한국사,4.6316,4.5789,4.6842,4.6316,4.6316
651위,7월2주차,중견리더 과정(21주차),필라테스,4.6316,4.6316,4.6316,4.6316,4.6316
653위,4월4주차,중견리더 과정(10주차),정리수납,4.6308,4.6154,4.6538,4.6538,4.6
654위,6월4주차,중견리더 과정(19주차),정리수납,4.6307,4.7222,4.7222,4.6667,4.4118
655위,4월1주차,중견리더 과정(7주차),행정학,4.6305,4.6282,4.6709,4.6076,4.6154
656위,2월5주차,7·8급 승진자 역량향상 과정,보도자료 작성실무,4.6304,4.6522,4.6087,4.6087,4.6522
657위,7월1주차,신규공무원 역량향상 심화 과정,한글실무,4.63,4.64,4.72,4.52,4.64
658위,3월5주차,문화유산 이해 과정,근대문화역사길 투어,4.6296,4.6296,4.6296,4.6667,4.5926
659위,3월5주차,문화유산 이해 과정,한산도 제승당 탐방,4.6296,4.5926,4.6296,4.5926,4.7037
660위,5월1주차,7·8급 승진자 역량향상 과정,소통을 위한 대화기술 및 공감기법,4.6293,4.6207,4.6207,4.6552,4.6207
661위,6월2주차,중견리더 과정(17주차),행정학,4.6284,4.5946,4.6351,4.6351,4.6486
662위,7월4주차,공공언어 바르게 쓰기 과정,"호칭, 지칭, 경어 등 언어 예절",4.6282,4.6154,4.6154,4.6154,4.6667
663위,3월3주차,기간제 근로자 관리자 과정,기간제 근로자-공무원 소통강화,4.6274,4.6667,4.6,4.6429,4.6
664위,3월3주차,신규공무원 역량향상 심화 과정,한글실무,4.6265,4.6087,4.6522,4.6087,4.6364
665위,7월2주차,미래설계 과정(1주차),시간관리 생애설계,4.625,4.6667,4.6111,4.6111,4.6111
665위,3월3주차,신규공무원 역량향상 심화 과정,보도자료 작성,4.625,4.625,4.625,4.625,4.625
665위,7월1주차,업무용 오피스 활용 과정,한글 문서 편집 기본 기능과 작업 TIP,4.625,4.6,4.65,4.65,4.6
665위,7월1주차,업무용 오피스 활용 과정,일잘러를 위한 PPT 활용 TIP,4.625,4.65,4.6,4.65,4.6
665위,5월1주차,중견리더 과정(11주차),가죽공예,4.625,4.625,4.625,4.625,4.625
665위,5월2주차,중견리더 과정(12주차),라탄공예,4.625,4.625,4.625,4.625,4.625
665위,6월1주차,중견리더 과정(16주차),탁구,4.625,4.6,4.7,4.6,4.6
665위,6월2주차,중견리더 과정(17주차),라탄공예,4.625,4.6667,4.6667,4.5833,4.5833
665위,6월3주차,중견리더 과정(18주차),라탄공예,4.625,4.625,4.625,4.625,4.625
665위,3월2주차,중견리더 과정(3주차),일본어,4.625,4.6667,4.6667,4.4444,4.7222
665위,3월5주차,지방의회 공무원 실무역량 향상 과정,지방의회 운영 실무 및 사례연구,4.625,4.5833,4.5833,4.6667,4.6667
665위,3월5주차,지방의회 공무원 실무역량 향상 과정,자치법규 입안 실무,4.625,4.5833,4.6667,4.5833,4.6667
665위,2월4주차,특별사법경찰 수사실무 과정,"수사실무(범죄인지, 참고인 조사 방법 등)",4.625,4.5714,4.6429,4.6429,4.6429
678위,6월1주차,중견리더 과정(16주차),행정학,4.6219,4.6056,4.6479,4.6197,4.6143
679위,3월3주차,중견리더 과정(4주차),부동산과 양도 소득세,4.6212,4.6049,4.6375,4.6173,4.625
680위,7월1주차,신규공무원 역량향상 심화 과정,인사말 작성,4.6206,4.6316,4.6842,4.6667,4.5
681위,4월4주차,시·군 팀장 리더십 과정,팀장의 보고 및 발표스킬,4.6204,4.6,4.6316,4.6,4.65
682위,3월5주차,문화유산 이해 과정,삼도수군통제영 및 세병관 탐방,4.6204,4.6667,4.5926,4.6296,4.5926
683위,2월5주차,중견리더 과정(2주차),사례로 보는 사이버 범죄 대처 요령,4.6196,4.6,4.6471,4.5765,4.6548
684위,3월4주차,인생 2모작 준비 과정,여가생활 관리,4.6194,4.6429,4.4643,4.6667,4.7037
685위,4월3주차,신규 임용(후보)자 과정(3주차),직장 내 괴롭힘 예방,4.619,4.619,4.619,4.619,4.619
686위,5월1주차,중견리더 과정(11주차),영어,4.6154,4.6154,4.6154,4.6154,4.6154
687위,5월1주차,미래설계 과정(2주차),소통을 위한 대화의 기술과 공감기법,4.6144,4.6222,4.5778,4.5909,4.6667
688위,7월1주차,신규공무원 역량향상 심화 과정,법률규정 해석,4.6143,4.619,4.619,4.619,4.6
689위,6월2주차,신규공무원 역량향상 심화 과정,보도자료 작성,4.6136,4.5758,4.6364,4.6061,4.6364
689위,4월1주차,중견리더 과정(7주차),통기타,4.6136,4.6364,4.6364,4.5455,4.6364
691위,4월3주차,신규 임용(후보)자 과정(3주차),차세대 지방재정관리 시스템,4.6131,4.619,4.5952,4.5952,4.6429
692위,3월4주차,중견리더 과정(5주차),헌법,4.613,4.5926,4.6543,4.5926,4.6125
693위,5월5주차,중견리더 과정(15주차),테니스,4.6125,4.75,4.75,4.75,4.2
694위,3월2주차,신규 임용(후보)자 과정(1주차),성과중심 공직가치 함양,4.6124,4.618,4.6067,4.618,4.6067
695위,5월1주차,7·8급 승진자 역량향상 과정,덜 지치는 직장생활,4.6121,4.5862,4.5862,4.6207,4.6552
696위,4월2주차,신규 임용(후보)자 과정(2주차),슬기로운 방첩생활,4.6113,4.6136,4.6818,4.5814,4.5682
697위,5월5주차,과장급 필수 역량향상 과정,모의과제 실습,4.6111,4.6111,4.6111,4.6667,4.5556
697위,7월2주차,미래설계 과정(1주차),취업심사 및 행위제한제도 안내,4.6111,4.5556,4.6667,4.6111,4.6111
697위,4월1주차,신규 임용(후보)자 과정(1주차),공무원 연금제도의 이해,4.6111,4.6222,4.6444,4.5111,4.6667
697위,5월3주차,중견리더 과정(13주차),분임토의,4.6111,4.6667,4.6667,4.6667,4.4444
701위,3월3주차,신규 임용(후보)자 과정(2주차),프리젠테이션과 발표,4.611,4.5422,4.6429,4.6,4.6588
702위,5월4주차,미래설계 과정(1주차),취업심사 및 행위제한제도 안내,4.61,4.6,4.56,4.64,4.64
703위,7월3주차,산림정책실무 과정,소통을 위한 대화의 기술과 공감기법,4.6094,4.5,4.5625,4.6875,4.6875
703위,6월2주차,중견리더 과정(17주차),한국사,4.6094,4.5625,4.625,4.625,4.625
703위,7월3주차,중견리더 과정(22주차),사진,4.6094,4.6563,4.5,4.625,4.6563
706위,3월4주차,토목실무 과정,감사지적 사례 및 기술감사 사례,4.6093,4.6364,4.5909,4.5909,4.619
707위,2월5주차,중견리더 과정(2주차),스피치 스킬 향상,4.6088,4.6386,4.6747,4.5122,4.6098
708위,5월4주차,중견리더 과정(14주차),필라테스,4.6087,4.6087,4.6087,4.6087,4.6087
708위,6월2주차,중견리더 과정(17주차),필라테스,4.6087,4.6087,4.6087,4.6087,4.6087
710위,5월1주차,7·8급 승진자 역량향상 과정,생성형 AI의 직무적용,4.6087,4.6207,4.6897,4.5172,4.6071
711위,5월3주차,중견리더 과정(13주차),분임토의,4.6074,4.6154,4.6154,4.6154,4.5833
712위,2월4주차,특별사법경찰 수사실무 과정,수사인권의 이해,4.6071,4.5714,4.6429,4.5714,4.6429
713위,5월3주차,신규공무원 역량향상 심화 과정,예산실무,4.6071,4.6,4.6286,4.5143,4.6857
714위,4월4주차,신규공무원 역량향상 심화 과정,보도자료 작성,4.605,4.63,4.63,4.6,4.56
715위,3월3주차,중견리더 과정(4주차),상속세 및 증여세 절세전략,4.6038,4.5926,4.6375,4.5926,4.5926
716위,4월3주차,중견리더 과정(9주차),행정학,4.6036,4.5857,4.6286,4.6,4.6
717위,4월1주차,행사 실무 과정,행사 목적 선정 및 기획,4.6031,4.5625,4.625,4.6,4.625
718위,5월1주차,중견리더 과정(11주차),일본어,4.6029,4.5882,4.6471,4.5882,4.5882
719위,6월1주차,중견리더 과정(16주차),영어,4.6023,4.5,4.6364,4.6364,4.6364
720위,5월4주차,미래설계 과정(1주차),연금제도의 이해,4.6019,4.6,4.6154,4.5769,4.6154
721위,5월3주차,재난관리 실무 과정,수질오염 재난사례 및 대응,4.6014,4.5676,4.6216,4.5946,4.6216
722위,3월4주차,신규 임용(후보)자 과정(3주차),법령체계와 법령해석 방법론,4.6006,4.5732,4.5976,4.6098,4.622
723위,5월3주차,신규공무원 역량향상 심화 과정,인사말 작성,4.6,4.6,4.6667,4.6667,4.4667
723위,7월1주차,업무용 오피스 활용 과정,AI를 활용한 PPT 제작,4.6,4.6,4.6,4.6,4.6
723위,6월4주차,재난안전 통신망 과정,소통을 위한 대화기술 및 공감기법,4.6,4.6,4.6,4.4667,4.7333
723위,6월1주차,중견리더 과정(16주차),테니스,4.6,4.6,4.6,4.6,4.6
723위,6월4주차,중견리더 과정(19주차),테니스,4.6,4.6,4.6,4.6,4.6
723위,7월2주차,중견리더 과정(21주차),영어,4.6,4.6,4.6,4.6,4.6
723위,7월3주차,중견리더 과정(22주차),라탄공예,4.6,4.6,4.6,4.6,4.6
730위,3월3주차,신규 임용(후보)자 과정(2주차),행정업무 운영실무,4.5994,4.5904,4.5783,4.6024,4.6265
731위,3월5주차,문화유산 이해 과정,군항문화탐방,4.5979,4.5769,4.6296,4.5556,4.6296
732위,7월2주차,미래설계 과정(1주차),동의보감에 나타난 성인병 예방,4.5972,4.5556,4.6111,4.6111,4.6111
733위,5월1주차,중견리더 과정(11주차),사진,4.5968,4.6129,4.6129,4.5806,4.5806
734위,3월5주차,재난관리 실무 과정,국가재난시스템 및 선진재난관리기법,4.5968,4.5161,4.6452,4.5806,4.6452
735위,7월3주차,전입공무원 역량향상 과정,생성형 AI의 직무적용,4.5962,4.6923,4.6154,4.4615,4.6154
736위,4월3주차,신규 임용(후보)자 과정(3주차),온나라 시스템,4.5952,4.5714,4.619,4.5714,4.619
736위,7월1주차,중견리더 과정(20주차),"자격증(한자,한국사,정리수납)",4.5952,4.6667,4.619,4.4762,4.619
738위,5월1주차,7·8급 승진자 역량향상 과정,엑셀 활용 팁,4.5948,4.5862,4.6897,4.5517,4.5517
739위,6월4주차,중견리더 과정(19주차),필라테스,4.5947,4.6,4.5789,4.6,4.6
740위,6월2주차,신규공무원 역량향상 심화 과정,예산실무,4.5945,4.5588,4.6286,4.5143,4.6765
741위,3월5주차,기획능력 향상 과정,"논리, 창의적 사고와 기획력",4.5938,4.125,4.625,4.75,4.875
741위,4월1주차,행사 실무 과정,"사회, 의전행사진행 실습 및 피드백",4.5938,4.625,4.5625,4.625,4.5625
743위,7월1주차,중견리더 과정(20주차),행정학,4.5929,4.6,4.6429,4.6429,4.4857
744위,4월1주차,신규공무원 역량향상 심화 과정,엑셀실무,4.5921,4.5789,4.5789,4.5263,4.6842
745위,5월4주차,홍보실무 과정,보조금 실무,4.5909,4.5455,4.5455,4.6364,4.6364
746위,2월4주차,보조금단체 회계실무 과정,지방보조금 관리시스템(보탬e) 활용,4.5909,4.5909,4.6364,4.5455,4.5909
746위,4월1주차,신규공무원 역량향상 심화 과정,법률(규정) 해석,4.5909,4.6818,4.6818,4.4091,4.5909
748위,3월3주차,신규 임용(후보)자 과정(2주차),현장학습(도정과제 연계),4.5904,4.5904,4.5904,4.6024,4.5783
749위,4월2주차,중견리더 과정(8주차),행정학,4.5902,4.5897,4.6282,4.5769,4.5658
750위,6월1주차,중견리더 과정(16주차),동의보감에 나타난 면역력 강화 기법,4.5902,4.5738,4.6066,4.5738,4.6066
751위,4월4주차,미래설계 과정(1주차),취업심사 및 행위제한제도 안내,4.59,4.5682,4.5909,4.5581,4.6429
752위,4월2주차,중견리더 과정(8주차),한국사,4.5893,4.5714,4.6429,4.5714,4.5714
752위,2월4주차,특별사법경찰 수사실무 과정,피의자 신문 및 조서 작성방법,4.5893,4.5714,4.5714,4.5714,4.6429
754위,3월3주차,중견리더 과정(4주차),스마트폰 사진 촬영기법,4.5891,4.5513,4.6234,4.5974,4.5844
755위,3월5주차,문화유산 이해 과정,동피랑 등 자율여행 및 토론,4.5887,4.5926,4.5556,4.6296,4.5769
756위,2월5주차,7·8급 승진자 역량향상 과정,소통을 위한 대화기술 및 공감기법,4.587,4.6087,4.6522,4.4348,4.6522
757위,5월5주차,미래설계 과정(2주차),생활속 응급처치,4.5865,4.5769,4.5769,4.6154,4.5769
758위,5월2주차,중견리더 과정(12주차),필라테스,4.5862,4.5172,4.6207,4.5862,4.6207
759위,5월2주차,공직자 이해충돌 방지 과정,공직자 10대 행위기준 알아보기,4.586,4.5714,4.5909,4.5455,4.6364
760위,5월2주차,재난안전 관리자 과정,국가재난관리 정책방향과 위기관리,4.5859,4.5938,4.625,4.5313,4.5938
760위,5월2주차,재난안전 관리자 과정,재난안전관리 리더십,4.5859,4.5625,4.5938,4.5625,4.625
760위,5월2주차,재난안전 관리자 과정,재난안전관리 우수사례 공유,4.5859,4.5938,4.5938,4.5625,4.5938
763위,7월1주차,신규공무원 역량향상 심화 과정,홍보템플릿 실무,4.5858,4.6,4.56,4.6,4.5833
764위,4월2주차,신규 임용(후보)자 과정(2주차),프리젠테이션과 발표,4.5852,4.6136,4.5682,4.5455,4.6136
764위,4월2주차,신규 임용(후보)자 과정(2주차),핵심 엑셀 활용 팁,4.5852,4.5909,4.6136,4.5,4.6364
766위,7월1주차,신규공무원 역량향상 심화 과정,보고서 작성 실무,4.5851,4.5882,4.5882,4.5882,4.5758
767위,4월1주차,보조금단체 회계실무 과정,지방보조금 관리시스템(보탬e) 활용,4.5848,4.5789,4.6842,4.4444,4.6316
768위,7월2주차,신규 임용(후보)자 과정(1주차),바람직한 공직관 실천,4.5844,4.5875,4.5625,4.575,4.6125
769위,6월1주차,중견리더 과정(16주차),라탄공예,4.5833,4.5,4.5,4.6667,4.6667
770위,3월3주차,기간제 근로자 관리자 과정,근로계약과 급여 및 복무관리,4.5833,4.6,4.6667,4.4667,4.6
770위,3월5주차,문화유산 이해 과정,디피랑 야간 탐방,4.5833,4.5926,4.5556,4.5926,4.5926
770위,7월2주차,미래설계 과정(1주차),연금제도의 이해,4.5833,4.5556,4.6111,4.5556,4.6111
770위,7월1주차,신규공무원 역량향상 심화 과정,예산실무,4.5833,4.5833,4.6111,4.5278,4.6111
770위,6월4주차,재난안전 통신망 과정,재난안전통신망의 이해,4.5833,4.5333,4.6,4.6,4.6
770위,7월2주차,중견리더 과정(21주차),영어,4.5833,4.6667,4.5556,4.5556,4.5556
776위,3월5주차,문화유산 이해 과정,해인사 팔만대장경 등 견학,4.5827,4.6154,4.6,4.6154,4.5
777위,6월3주차,중견리더 과정(18주차),SNS '좋아요 & 나',4.5817,4.5962,4.5769,4.5769,4.5769
778위,7월3주차,중견리더 과정(22주차),두통을 완화하는 스트레칭 운동법,4.5813,4.6102,4.5424,4.5763,4.5965
779위,3월5주차,문화유산 이해 과정,아라가야 유적지 견학,4.581,4.5652,4.5833,4.6154,4.56
780위,4월4주차,저수지·댐 안전관리,현장학습,4.5805,4.5667,4.6552,4.5667,4.5333
781위,3월4주차,신규 임용(후보)자 과정(3주차),온나라 시스템,4.5803,4.5875,4.6049,4.5679,4.561
782위,5월3주차,중견리더 과정(13주차),필라테스,4.58,4.56,4.56,4.6,4.6
783위,5월2주차,공직자 이해충돌 방지 과정,신고 절차 및 신고자 보호·보상 등,4.5795,4.6364,4.6364,4.5,4.5455
783위,2월4주차,보조금단체 회계실무 과정,보조금 실무,4.5795,4.6364,4.6364,4.4091,4.6364
785위,3월2주차,중견리더 과정(3주차),쉽게 배워서 크게 쓰는 재무 설계,4.5788,4.5513,4.6026,4.5641,4.5974
786위,6월3주차,중견리더 과정(18주차),헌법,4.578,4.5849,4.5818,4.5455,4.6
787위,3월3주차,기간제 근로자 관리자 과정,소통을 위한 대화의 기술과 공감 기법,4.5762,4.5333,4.5333,4.6667,4.5714
788위,7월1주차,중견리더 과정(20주차),동아리 활동,4.5758,4.5758,4.5758,4.5758,4.5758
788위,3월5주차,중견리더 과정(6주차),정리수납,4.5758,4.5455,4.6061,4.6061,4.5455
790위,5월4주차,중견리더 과정(14주차),한국사,4.5758,4.5,4.5833,4.5833,4.6364
791위,2월5주차,과장급 필수 역량향상 과정,언론과의 효과적 소통 및 대응,4.575,4.55,4.6,4.55,4.6
792위,6월2주차,신규공무원 역량향상 심화 과정,보조금 실무,4.5741,4.5556,4.6296,4.4815,4.6296
793위,4월1주차,보조금단체 회계실무 과정,보조금 실무,4.5738,4.5789,4.6111,4.4737,4.6316
794위,6월2주차,재난관리 실무 과정,경남도의 재난안전 역량수준 및 역량강화 방안,4.5717,4.5676,4.5676,4.5405,4.6111
795위,4월3주차,중견리더 과정(9주차),일본어,4.5715,4.5333,4.6429,4.5714,4.5385
796위,6월1주차,"스마트 경남, 스마트 시티 과정",경남 스마트시티 조성 전략의 이해,4.5714,4.5714,4.5714,4.5714,4.5714
796위,6월4주차,중견리더 과정(19주차),라탄공예,4.5714,4.5714,4.5714,4.5714,4.5714
796위,7월1주차,중견리더 과정(20주차),외국어,4.5714,4.5714,4.5714,4.5714,4.5714
796위,2월4주차,특별사법경찰 수사실무 과정,형법 총칙개요,4.5714,4.5,4.5714,4.5714,4.6429
800위,3월3주차,신규 임용(후보)자 과정(2주차),보고서 작성 및 기획역량 강화,4.5713,4.5581,4.593,4.5412,4.593
801위,3월2주차,중견리더 과정(3주차),2025년 경제 전망,4.5696,4.5443,4.557,4.5696,4.6076
802위,7월3주차,중견리더 과정(22주차),테니스,4.5682,4.5455,4.6364,4.5455,4.5455
803위,4월4주차,미래설계 과정(1주차),동의보감에 나타난 성인병 예방,4.5682,4.5227,4.5455,4.5909,4.6136
803위,4월2주차,신규 임용(후보)자 과정(2주차),쉽게 활용하는 한글 팁,4.5682,4.5909,4.5682,4.5,4.6136
803위,3월3주차,신규공무원 역량향상 심화 과정,법률(규정) 해석,4.5682,4.5455,4.5455,4.5455,4.6364
806위,3월4주차,업무용 오피스 활용 과정,홍보 업무 능력 2배 향상시키기,4.5681,4.5769,4.5769,4.5769,4.5417
807위,5월3주차,신규공무원 역량향상 심화 과정,보고서 작성 실무,4.5675,4.5714,4.6071,4.5357,4.5556
808위,6월4주차,재난안전 통신망 과정,표준운영절차 활용 상호통신 실습,4.5667,4.6,4.5333,4.6,4.5333
808위,6월1주차,중견리더 과정(16주차),사진,4.5667,4.5667,4.5667,4.5667,4.5667
810위,3월5주차,중견리더 과정(6주차),헌법,4.5655,4.5658,4.6053,4.5195,4.5714
811위,5월2주차,공직자 이해충돌 방지 과정,이해충돌방지법 제정 의의 및 사례,4.5652,4.6087,4.4783,4.5652,4.6087
811위,6월1주차,중견리더 과정(16주차),필라테스,4.5652,4.5652,4.5652,4.5652,4.5652
813위,5월1주차,중견리더 과정(11주차),라탄공예,4.5637,4.5882,4.6,4.5333,4.5333
814위,4월1주차,중견리더 과정(7주차),정리수납,4.5627,4.5769,4.6154,4.5385,4.52
815위,6월2주차,재난관리 실무 과정,국가재난시스템 및 선진재난관리기법,4.5625,4.5556,4.5,4.5833,4.6111
815위,6월4주차,중견리더 과정(19주차),영어,4.5625,4.5,4.625,4.625,4.5
815위,3월5주차,지방의회 공무원 실무역량 향상 과정,지방자치제도 및 지방의회 역할,4.5625,4.5,4.5833,4.5,4.6667
818위,5월3주차,신규공무원 역량향상 심화 과정,법률(규정) 해석,4.5622,4.5455,4.5455,4.4762,4.6818
819위,7월2주차,경남의 복지 과정,경남의 통합돌봄 사업의 이해,4.5618,4.5714,4.6429,4.4615,4.5714
820위,7월3주차,중견리더 과정(22주차),긍정적 소통을 위한 힐링매직,4.5615,4.5738,4.6066,4.541,4.5246
821위,3월3주차,기간제 근로자 관리자 과정,채용공고문 작성 및 공고 방법,4.5607,4.5333,4.6429,4.4667,4.6
822위,4월4주차,신규공무원 역량향상 심화 과정,예산실무,4.56,4.55,4.58,4.52,4.59
823위,7월4주차,공공언어 바르게 쓰기 과정,소통과 세대공감,4.5577,4.6154,4.5385,4.5385,4.5385
823위,5월4주차,미래설계 과정(1주차),고수의 여행노하우,4.5577,4.5385,4.5,4.5769,4.6154
823위,5월5주차,중견리더 과정(15주차),일본어,4.5577,4.5385,4.6154,4.5385,4.5385
826위,6월3주차,중견리더 과정(18주차),스트레스 진단과 치유,4.5575,4.5778,4.5217,4.5435,4.587
827위,7월1주차,신규공무원 역량향상 심화 과정,보조금 실무,4.5568,4.5455,4.5455,4.5455,4.5909
827위,5월5주차,중견리더 과정(15주차),필라테스,4.5568,4.5455,4.5455,4.5455,4.5909
829위,3월5주차,재난관리 실무 과정,화재대응 및 응급조치,4.5565,4.5161,4.5806,4.5806,4.5484
830위,4월1주차,건축 실무 과정,건축 감리 실무,4.5556,4.5926,4.5556,4.5556,4.5185
830위,2월3주차,교육 담당자 역량향상 과정,2025년 HRD 트렌드 공유,4.5556,4.5556,4.6667,4.4444,4.5556
830위,5월5주차,기후위기 적응·대응 과정,기후위기와 탄소중립의 이해,4.5556,4.5556,4.6111,4.5,4.5556
830위,6월2주차,중견리더 과정(17주차),미술,4.5556,4.5556,4.5556,4.5556,4.5556
830위,7월1주차,중견리더 과정(20주차),동아리 활동,4.5556,4.5556,4.5556,4.5556,4.5556
830위,4월3주차,중견리더 과정(9주차),테니스,4.5556,4.5556,4.5556,4.5556,4.5556
836위,3월4주차,경남의 교통과 미래항공 모빌리티(AAM) 산업 과정,항공 모빌리티 인프라 구축 관련법과 해결과제,4.5552,4.5,4.5625,4.625,4.5333
837위,5월3주차,가야사 바로알기 과정,세계유산 가야고분군의 이해,4.5549,4.5833,4.5455,4.5455,4.5455
837위,5월3주차,중견리더 과정(13주차),영어,4.5549,4.5833,4.5455,4.5455,4.5455
839위,3월2주차,중견리더 과정(3주차),한국사,4.5548,4.5714,4.619,4.6,4.4286
840위,2월4주차,특별사법경찰 수사실무 과정,특별사법 경찰제도 이해,4.5536,4.5,4.5714,4.5,4.6429
841위,5월2주차,중견리더 과정(12주차),사진,4.5535,4.5769,4.5,4.5769,4.56
842위,3월2주차,신규 임용(후보)자 과정(1주차),"세대공감 및 민원응대(주제선정, 사례 등)",4.5534,4.5281,4.5618,4.5618,4.5618
843위,7월2주차,6급 승진자 역량향상 과정,경남형 통합돌봄 개념과 정책의 이해,4.5526,4.6316,4.5789,4.5789,4.4211
844위,4월1주차,신규공무원 역량향상 심화 과정,예산실무,4.55,4.6,4.6,4.5667,4.4333
844위,5월3주차,신규공무원 역량향상 심화 과정,홍보템플릿 실무,4.55,4.55,4.55,4.55,4.55
844위,6월4주차,재난안전 통신망 과정,표준운영절차의 이해,4.55,4.5333,4.6,4.4667,4.6
844위,4월4주차,저수지·댐 안전관리,저수지 댐 시설물 보수보강 실무,4.55,4.6,4.5667,4.5,4.5333
848위,3월4주차,중견리더 과정(5주차),정리수납,4.5487,4.4815,4.5926,4.5556,4.5652
849위,3월3주차,신규공무원 역량향상 심화 과정,e호조 지출·회계 실무,4.5481,4.5385,4.5385,4.5769,4.5385
850위,7월1주차,중견리더 과정(20주차),"자격증(한자,한국사,정리수납)",4.5469,4.5,4.5625,4.5625,4.5625
850위,3월2주차,중견리더 과정(3주차),영어,4.5469,4.5,4.625,4.5625,4.5
850위,4월1주차,중견리더 과정(7주차),일본어,4.5469,4.5625,4.625,4.6,4.4
853위,5월1주차,중견리더 과정(11주차),탁구,4.5467,4.5714,4.5385,4.5385,4.5385
854위,3월4주차,토목실무 과정,중대재해처벌법의 이해,4.5455,4.5455,4.5909,4.5,4.5455
855위,4월3주차,시·군 팀장 리더십 과정,역량에 대한 이해,4.5455,4.5455,4.5455,4.5455,4.5455
856위,7월1주차,신규공무원 역량향상 심화 과정,엑셀실무,4.5444,4.5806,4.6129,4.4667,4.5172
857위,3월2주차,계약실무 과정,용역계약 실무,4.5441,4.5882,4.5294,4.5294,4.5294
858위,2월5주차,중견리더 과정(2주차),독서의 방법,4.5436,4.5301,4.5783,4.4756,4.5904
859위,4월1주차,신규공무원 역량향상 심화 과정,계약실무,4.5435,4.6087,4.5652,4.5652,4.4348
860위,5월1주차,중견리더 과정(11주차),인생은 숙제가 아닌 축제,4.543,4.5479,4.5205,4.5616,4.5417
861위,6월4주차,재난안전 통신망 과정,재난안전통신망 단말기 기본 조작 및 활용 방법,4.5429,4.4667,4.5714,4.5333,4.6
862위,6월3주차,중견리더 과정(18주차),인공지능속 휴먼터치,4.5418,4.5,4.5741,4.5741,4.5192
863위,5월5주차,과장급 필수 역량향상 과정,언론과의 효과적 소통 및 대응,4.5417,4.5556,4.5556,4.5556,4.5
864위,4월1주차,보조금단체 회계실무 과정,보조금단체 회계감사 사례,4.5395,4.5263,4.5789,4.4211,4.6316
865위,3월2주차,신규 임용(후보)자 과정(1주차),예산실무,4.5393,4.5506,4.6517,4.3483,4.6067
866위,2월4주차,특별사법경찰 수사실무 과정,소통을 위한 대화의 기술과 공감기법,4.5357,4.5714,4.5,4.5714,4.5
867위,3월4주차,토목실무 과정,도로공사 실무,4.5341,4.5455,4.5909,4.5909,4.4091
868위,6월2주차,신규공무원 역량향상 심화 과정,보고서 작성 실무,4.5339,4.5455,4.5758,4.4688,4.5455
869위,4월1주차,신규 임용(후보)자 과정(1주차),Open mind/팀빌딩,4.5333,4.5333,4.4889,4.5556,4.5556
870위,4월1주차,신규 임용(후보)자 과정(1주차),경남의 도정과제공유(시군정책 이해를 통한 공감경남 만들기),4.5308,4.5333,4.5111,4.5455,4.5333
871위,4월4주차,저수지·댐 안전관리,저수지 댐 안전관리 및 재해예방 법령해설,4.5296,4.5333,4.5333,4.5,4.5517
872위,4월4주차,저수지·댐 안전관리,저수지 댐 안전관리에 대한 분임토의 및 내용 작성,4.5293,4.5333,4.5333,4.5862,4.4643
873위,7월1주차,신규공무원 역량향상 심화 과정,계약실무,4.5278,4.5185,4.5556,4.5185,4.5185
873위,7월3주차,전입공무원 역량향상 과정,조직적응을 위한 소통과 대화의 기술,4.5278,4.4444,4.5926,4.4815,4.5926
873위,4월1주차,중견리더 과정(7주차),미술,4.5278,4.5556,4.5556,4.4444,4.5556
876위,2월5주차,중견리더 과정(2주차),긍정적 업무를 위한 스트레스 관리,4.5268,4.5119,4.5595,4.5119,4.5238
877위,7월2주차,6급 승진자 역량향상 과정,기획보고서 작성실무,4.5263,4.5263,4.5263,4.5263,4.5263
878위,4월1주차,중견리더 과정(7주차),일상속 건강 챙기기(슬기로운 걷기 생활),4.526,4.5065,4.5584,4.5065,4.5325
879위,7월3주차,중견리더 과정(22주차),필라테스,4.5238,4.5238,4.5238,4.5238,4.5238
880위,7월3주차,중견리더 과정(22주차),소통리더십Ⅱ,4.5236,4.5313,4.5313,4.5156,4.5161
881위,4월3주차,시·군 팀장 리더십 과정,국내 우주항공산업 전망과 경남의 미래,4.5227,4.5455,4.7273,4.2727,4.5455
882위,5월4주차,홍보실무 과정,SNS활용 홍보전략,4.5227,4.6364,4.3636,4.4545,4.6364
883위,2월5주차,7·8급 승진자 역량향상 과정,청렴 및 청탁금지법,4.5217,4.5217,4.5217,4.5217,4.5217
884위,4월4주차,중견리더 과정(10주차),영어,4.5208,4.5,4.5833,4.5,4.5
884위,6월4주차,중견리더 과정(19주차),영어,4.5208,4.3333,4.5833,4.5833,4.5833
886위,7월3주차,중견리더 과정(22주차),탁구,4.5159,4.5455,4.7,4.5455,4.2727
887위,4월1주차,중견리더 과정(7주차),필라테스,4.5135,4.5405,4.5135,4.4865,4.5135
888위,4월4주차,시·군 팀장 리더십 과정,역량교육의 이해,4.5125,4.5,4.45,4.55,4.55
889위,4월3주차,신규 임용(후보)자 과정(3주차),성찰 및 비전 수립,4.5119,4.5,4.4524,4.5238,4.5714
890위,7월1주차,신규공무원 역량향상 심화 과정,행사실무,4.5114,4.5455,4.5,4.4545,4.5455
891위,4월1주차,신규 임용(후보)자 과정(1주차),성과중심 공직가치 함양,4.5111,4.4889,4.5111,4.5111,4.5333
891위,4월1주차,신규 임용(후보)자 과정(1주차),공직가치 액션러닝(골든타임 119),4.5111,4.5556,4.5111,4.4444,4.5333
893위,3월3주차,신규 임용(후보)자 과정(2주차),현장학습(도정과제 연계),4.5104,4.5176,4.5529,4.4353,4.5357
894위,4월1주차,신규공무원 역량향상 심화 과정,보고서 작성 실무,4.5083,4.5333,4.5,4.5,4.5
895위,3월4주차,중견리더 과정(5주차),교통사고 처리요령,4.5076,4.4625,4.5432,4.4815,4.5432
896위,3월2주차,중견리더 과정(3주차),정리수납,4.5064,4.5,4.5263,4.5128,4.4865
897위,6월3주차,중견리더 과정(18주차),타로와 인문학,4.5052,4.5208,4.4792,4.4792,4.5417
898위,4월4주차,중견리더 과정(10주차),헌법,4.5035,4.5135,4.5467,4.4737,4.48
899위,4월2주차,중견리더 과정(8주차),인공지능시대 리더의 상상력과 창의성,4.5031,4.5062,4.4938,4.4938,4.5185
900위,6월1주차,"스마트 경남, 스마트 시티 과정",스마트시티 최신기술동향,4.5,4.5,4.5,4.5,4.5
900위,4월1주차,신규 임용(후보)자 과정(1주차),예산실무,4.5,4.5111,4.6222,4.2889,4.5778
900위,4월4주차,신규공무원 역량향상 심화 과정,법률(규정) 해석,4.5,4.52,4.48,4.48,4.52
900위,5월1주차,중견리더 과정(11주차),미술,4.5,4.5,4.5,4.5,4.5
900위,5월3주차,중견리더 과정(13주차),미술,4.5,4.5,4.5,4.5,4.5
900위,5월4주차,중견리더 과정(14주차),라탄공예,4.5,4.5455,4.4545,4.5455,4.4545
900위,5월5주차,중견리더 과정(15주차),영어,4.5,4.5,4.5,4.5,4.5
900위,6월1주차,중견리더 과정(16주차),영어,4.5,4.5,4.5,4.5,4.5
900위,6월2주차,중견리더 과정(17주차),영어,4.5,4.5,4.5,4.5,4.5
900위,7월1주차,중견리더 과정(20주차),헌법,4.5,4.4928,4.5072,4.5143,4.4857
900위,4월2주차,중견리더 과정(8주차),미술,4.5,4.5,4.5,4.5,4.5
900위,4월4주차,지역특화 관광콘텐츠 개발 과정,관광콘텐츠 기획 실제,4.5,4.5,4.5,4.5,4.5
900위,3월4주차,토목실무 과정,부동산PF사업의 이해,4.5,4.5455,4.5455,4.3636,4.5455
900위,7월2주차,투자유치 활성화 과정,투자유치를 위한 실천방안 토의,4.5,4.5,4.5,4.5,4.5
900위,4월1주차,행사 실무 과정,행사진행·행사 사례 및 의전,4.5,4.5,4.625,4.4375,4.4375
915위,7월1주차,중견리더 과정(20주차),외국어,4.4975,4.5455,4.6,4.4,4.4444
916위,7월3주차,전입공무원 역량향상 과정,보고서 작성 실무,4.4964,4.4444,4.6154,4.4444,4.4815
917위,5월3주차,재난관리 실무 과정,국가재난 시스템과 선진재난 관리매뉴얼,4.4932,4.4595,4.4865,4.5135,4.5135
918위,5월1주차,중견리더 과정(11주차),헌법,4.492,4.4868,4.5658,4.4737,4.4416
919위,4월4주차,중견리더 과정(10주차),유럽에서 아시아를 만나다,4.4903,4.4935,4.5065,4.4675,4.4935
919위,3월5주차,중견리더 과정(6주차),트렌드 코리아 2025,4.4903,4.4675,4.5325,4.4935,4.4675
921위,4월3주차,신규 임용(후보)자 과정(3주차),법령체계와 법령해석 방법론,4.4881,4.5476,4.5714,4.3095,4.5238
922위,3월4주차,중견리더 과정(5주차),최신개정 교통법규,4.4875,4.45,4.5,4.475,4.525
923위,7월3주차,중견리더 과정(22주차),소통리더십Ⅰ,4.4862,4.4688,4.5313,4.4688,4.4762
924위,5월5주차,기후위기 적응·대응 과정,기후위기 대응 국내외 동향,4.4861,4.5,4.5,4.4444,4.5
925위,2월5주차,중견리더 과정(2주차),DISC를 통한 조직 효율성 제고,4.4852,4.4819,4.4824,4.4588,4.5176
926위,4월1주차,중견리더 과정(7주차),영어,4.4833,4.4667,4.5333,4.4667,4.4667
927위,5월1주차,7·8급 승진자 역량향상 과정,보고서 작성 실무,4.4828,4.4828,4.4483,4.4483,4.5517
928위,2월4주차,특별사법경찰 수사실무 과정,분야별 수사실무 사례,4.4821,4.2143,4.5714,4.5,4.6429
929위,5월3주차,중견리더 과정(13주차),일본어,4.4808,4.4615,4.5385,4.4615,4.4615
929위,3월5주차,중견리더 과정(6주차),영어,4.4808,4.3846,4.5385,4.5,4.5
931위,5월2주차,중견리더 과정(12주차),헌법,4.4798,4.5,4.5147,4.4118,4.4925
932위,3월2주차,전입공무원 역량향상 과정,조직적응을 위한 소통과 대화의 기술,4.4791,4.4483,4.3793,4.5172,4.5714
933위,6월2주차,신규공무원 역량향상 심화 과정,법률(규정) 해석,4.4783,4.4783,4.5217,4.4348,4.4783
934위,4월2주차,신규 임용(후보)자 과정(2주차),디지털·미래대응 교육 이해 및 실습,4.4767,4.4884,4.4884,4.4419,4.4884
935위,4월3주차,중견리더 과정(9주차),헌법,4.4764,4.473,4.527,4.4595,4.4459
936위,3월3주차,신규공무원 역량향상 심화 과정,홍보템플릿 실무,4.4762,4.4762,4.4762,4.4762,4.4762
937위,6월1주차,중견리더 과정(16주차),정책소통 및 온오프라인 홍보,4.4762,4.4706,4.5072,4.4493,4.4776
938위,4월3주차,중견리더 과정(9주차),탁구,4.475,4.5,4.5,4.5,4.4
938위,4월4주차,지역특화 관광콘텐츠 개발 과정,기후변화와 관광산업,4.475,4.5,4.4,4.5,4.5
940위,4월1주차,중견리더 과정(7주차),헌법,4.4745,4.4605,4.525,4.4568,4.4557
941위,3월5주차,기획능력 향상 과정,직장인을 위한 스트레칭,4.4688,4.5,4.5,4.5,4.375
942위,7월1주차,중견리더 과정(20주차),MBTI 조직 커뮤니케이션 역량강화,4.4659,4.4697,4.5,4.4394,4.4545
943위,3월3주차,중견리더 과정(4주차),정리수납,4.4621,4.4242,4.5455,4.4545,4.4242
944위,5월1주차,중견리더 과정(11주차),영어,4.4615,4.4615,4.4615,4.4615,4.4615
944위,5월4주차,중견리더 과정(14주차),영어,4.4615,4.5385,4.4615,4.3846,4.4615
946위,4월2주차,중견리더 과정(8주차),정리수납,4.46,4.44,4.48,4.48,4.44
947위,5월3주차,재난관리 실무 과정,경남도의 재난안전 역량수준 및 역량강화 방안,4.4595,4.5135,4.4865,4.4054,4.4324
948위,3월3주차,신규 임용(후보)자 과정(2주차),경남의 비전과 주요정책,4.4593,4.4535,4.4884,4.3256,4.5698
949위,5월4주차,중견리더 과정(14주차),스토리텔링의 이해,4.4593,4.4507,4.4789,4.4286,4.4789
950위,5월5주차,기후위기 적응·대응 과정,경남도의 기후위기 대응 정책,4.4583,4.2778,4.5,4.5,4.5556
951위,7월4주차,7·8급 승진자 역량향상 과정,보고서 작성 실무,4.4583,4.4583,4.4583,4.4583,4.4583
952위,4월4주차,중견리더 과정(10주차),감정테라피,4.4583,4.4267,4.4933,4.4267,4.4865
953위,3월3주차,신규공무원 역량향상 심화 과정,예산실무,4.458,4.4615,4.4815,4.3704,4.5185
954위,3월2주차,중견리더 과정(3주차),공무원 연금의 이해,4.4548,4.5316,4.4875,4.35,4.45
955위,3월4주차,토목실무 과정,건설공사 품질시험 및 자재 검수 요령,4.4545,4.4091,4.5,4.3636,4.5455
955위,5월4주차,홍보실무 과정,스토리텔링 홍보전략,4.4545,4.6364,4.2727,4.6364,4.2727
957위,2월5주차,7·8급 승진자 역량향상 과정,엑셀 활용 팁,4.4545,4.4091,4.5455,4.4091,4.4545
957위,4월2주차,중견리더 과정(8주차),테니스,4.4545,4.4545,4.4545,4.4545,4.4545
959위,6월1주차,중대재해 예방 실무 과정,"시민재해분야(의무사항, 사례분석)",4.4537,4.4578,4.4881,4.4167,4.4524
960위,4월4주차,중견리더 과정(10주차),영화로 만나는 역사,4.4533,4.4533,4.4667,4.4267,4.4667
961위,7월3주차,산림정책실무 과정,임도 및 사방사업 실무,4.4531,4.5625,4.5625,4.1875,4.5
962위,4월3주차,중견리더 과정(9주차),필라테스,4.4519,4.5,4.5,4.3462,4.4615
963위,4월4주차,시·군 팀장 리더십 과정,국내 우주항공산업 전망과 경남의 미래,4.45,4.4,4.5,4.5,4.4
963위,4월4주차,신규공무원 역량향상 심화 과정,계약실무,4.45,4.46,4.5,4.39,4.45
965위,5월3주차,중견리더 과정(13주차),분임토의,4.4464,4.5,4.4286,4.4286,4.4286
966위,6월1주차,중대재해 예방 실무 과정,"중대재해 처벌법의 이해·정의, 필요성, 법령해석",4.4441,4.4235,4.4471,4.4235,4.4824
967위,3월4주차,중견리더 과정(5주차),영어,4.4412,4.4118,4.4706,4.4118,4.4706
968위,7월3주차,신규 임용(후보)자 과정(2주차),독도를 통한 올바른 역사인식,4.4401,4.4648,4.4648,4.338,4.493
969위,6월3주차,중견리더 과정(18주차),김장하 선생에게 배우는 실천과 나눔의 미학,4.4389,4.4667,4.4667,4.3778,4.4444
970위,6월1주차,중대재해 예방 실무 과정,산업재해분야(안전사고 예방교육 등 의무사항),4.4388,4.4405,4.4458,4.3929,4.4762
971위,4월4주차,신규공무원 역량향상 심화 과정,공사감독 및 현장점검 요령,4.4375,4.45,4.45,4.35,4.5
972위,6월1주차,"스마트 경남, 스마트 시티 과정",스마트시티 도시계획,4.4354,4.4286,4.5,4.4286,4.3846
973위,2월5주차,7·8급 승진자 역량향상 과정,보고서 작성 실무,4.4348,4.4783,4.4783,4.3913,4.3913
974위,7월2주차,6급 승진자 역량향상 과정,역량개발 이해,4.4342,4.4737,4.4737,4.3158,4.4737
974위,7월2주차,6급 승진자 역량향상 과정,역량에 대한 이해 모의과제:역할연기,4.4342,4.3684,4.4737,4.3684,4.5263
974위,5월4주차,중견리더 과정(14주차),헌법,4.4342,4.4474,4.4737,4.3816,4.4342
977위,7월1주차,중견리더 과정(20주차),회복탄력성,4.4336,4.4531,4.4531,4.3906,4.4375
978위,3월2주차,신규 임용(후보)자 과정(1주차),세대공감 및 민원응대 역할연기(평가 및 공유),4.4318,4.4205,4.4432,4.4091,4.4545
978위,6월2주차,신규공무원 역량향상 심화 과정,계약실무,4.4318,4.4091,4.5,4.3182,4.5
980위,3월5주차,재난관리 실무 과정,소통을 위한 대화기술 및 공감기법,4.4315,4.3871,4.3871,4.4516,4.5
981위,3월2주차,신규 임용(후보)자 과정(1주차),세대공감 및 민원응대 역할연기(상황훈련 및 리허설),4.431,4.4607,4.427,4.4045,4.4318
982위,7월2주차,중견리더 과정(21주차),개인정보 보호의 이해,4.4291,4.4516,4.4032,4.4262,4.4355
983위,4월2주차,중견리더 과정(8주차),사진,4.4274,4.4516,4.4516,4.3871,4.4194
984위,6월4주차,중견리더 과정(19주차),경남형 통합돌봄 개념과 정책의 이해,4.4271,4.4286,4.3889,4.4545,4.4364
985위,5월4주차,중견리더 과정(14주차),스토리텔링 기획,4.4271,4.4167,4.4444,4.4306,4.4167
986위,6월2주차,중견리더 과정(17주차),인문학과 통찰력,4.4261,4.4189,4.44,4.4267,4.4189
987위,3월3주차,중견리더 과정(4주차),영어,4.426,4.4375,4.4667,4.4,4.4
988위,6월4주차,중견리더 과정(19주차),국가 균형발전 우수사례,4.4255,4.4286,4.4082,4.4694,4.3958
989위,7월3주차,경남의 미래산업과 일자리 과정,일자리와 조직문화,4.425,4.4,4.4,4.4,4.5
989위,7월3주차,경남의 미래산업과 일자리 과정,사회적 경제기반 일자리 창출,4.425,4.4,4.5,4.4,4.4
991위,3월5주차,중견리더 과정(6주차),국내외 우주산업 동향과 전망,4.423,4.4,4.4875,4.4375,4.3671
992위,3월5주차,재난관리 실무 과정,경남도의 재난안전 역량수준 및 역량강화 방안,4.4226,4.4194,4.4839,4.3871,4.4
993위,5월4주차,중견리더 과정(14주차),프랑스 노르망디 인문학 여행,4.4211,4.4211,4.4211,4.4211,4.4211
994위,3월4주차,토목실무 과정,토목의 이해,4.4205,4.5,4.5,4.1818,4.5
995위,7월4주차,신규 임용(후보)자 과정(3주차),청탁금지법의 이해,4.4193,4.4143,4.4143,4.4058,4.4429
996위,3월5주차,중견리더 과정(6주차),적극행정,4.4193,4.3947,4.4474,4.3816,4.4533
997위,7월2주차,경남의 복지 과정,복지정책의 이해,4.419,4.5714,4.5714,4.0714,4.4615
998위,7월2주차,6급 승진자 역량향상 과정,생성형 AI의 직무적용,4.4174,4.4211,4.4444,4.3333,4.4706
999위,3월2주차,중견리더 과정(3주차),만성질환 예방,4.4172,4.3797,4.443,4.4304,4.4156
1000위,4월2주차,신규 임용(후보)자 과정(2주차),현장학습(도정과제 연계),4.4167,4.4524,4.4286,4.4048,4.381
1000위,4월2주차,중견리더 과정(8주차),통기타,4.4167,4.4167,4.4167,4.4167,4.4167
1002위,4월1주차,중견리더 과정(7주차),라탄공예,4.4167,4.3333,4.3333,4.5556,4.4444
1003위,4월4주차,저수지·댐 안전관리,소통을 위한 대화기술 및 공감기법,4.4138,4.4138,4.3103,4.4483,4.4828
1004위,7월3주차,신규 임용(후보)자 과정(2주차),일반서무 업무 알아보기,4.4128,4.4,4.4203,4.3944,4.4366
1005위,4월4주차,시·군 팀장 리더십 과정,[모의과제 실습] 역할수행,4.4125,4.4,4.3,4.5,4.45
1006위,4월1주차,신규공무원 역량향상 심화 과정,홍보템플릿 실무,4.4101,4.4737,4.3889,4.3333,4.4444
1007위,4월4주차,신규공무원 역량향상 심화 과정,보조금 실무,4.41,4.43,4.45,4.41,4.35
1007위,4월4주차,신규공무원 역량향상 심화 과정,행사실무,4.41,4.36,4.32,4.46,4.5
1009위,4월4주차,중견리더 과정(10주차),조직 내 갈등관리,4.4084,4.3974,4.4231,4.3846,4.4286
1010위,4월4주차,저수지·댐 안전관리,국내외 저수지 댐 안전관리 업무 사례연구,4.4083,4.3333,4.3667,4.4333,4.5
1011위,3월5주차,중견리더 과정(6주차),공직가치와 성장,4.4079,4.3947,4.4605,4.3289,4.4474
1012위,4월1주차,건축 실무 과정,부동산PF사업의 이해,4.4074,4.4444,4.5185,4.2222,4.4444
1013위,4월2주차,중견리더 과정(8주차),긴급복지신고의무자 교육,4.4057,4.4304,4.3974,4.4231,4.3718
1014위,3월4주차,중견리더 과정(5주차),지역과 문화콘텐츠,4.4024,4.4146,4.4146,4.3902,4.3902
1015위,5월2주차,중견리더 과정(12주차),영어,4.4017,4.4375,4.4375,4.4375,4.2941
1016위,7월2주차,중견리더 과정(21주차),통기타,4.4,4.4,4.4,4.4,4.4
1016위,4월4주차,지역특화 관광콘텐츠 개발 과정,AI로 배우는 관광콘텐츠 제작,4.4,4.4,4.4,4.4,4.4
1018위,4월2주차,신규 임용(후보)자 과정(2주차),보고서 작성 및 기획역량 강화,4.3997,4.4545,4.5,4.2955,4.3488
1019위,7월3주차,신규 임용(후보)자 과정(2주차),회계실무,4.3993,4.4225,4.4085,4.3662,4.4
1020위,5월5주차,중견리더 과정(15주차),헌법,4.3969,4.4265,4.3582,4.4058,4.3971
1021위,7월4주차,7·8급 승진자 역량향상 과정,엑셀 활용 팁,4.3958,4.4167,4.4167,4.3333,4.4167
1022위,4월2주차,중견리더 과정(8주차),영어,4.3929,4.4286,4.3571,4.3571,4.4286
1023위,5월3주차,재난관리 실무 과정,자연재난 사례 및 안전관리,4.3919,4.3514,4.3784,4.3784,4.4595
1024위,2월5주차,중견리더 과정(2주차),영어,4.3906,4.3125,4.375,4.4375,4.4375
1025위,3월5주차,재난관리 실무 과정,사회재난 사례 및 안전관리,4.3871,4.3871,4.3871,4.3548,4.4194
1026위,4월4주차,저수지·댐 안전관리,"비상대처계획(EAP), 주민대피계획의 수립",4.3865,4.3667,4.4,4.4,4.3793
1027위,4월3주차,중견리더 과정(9주차),영어,4.3864,4.4545,4.4545,4.4545,4.1818
1028위,5월5주차,강사 양성 과정,강사의 기본요건 2(명확한 의사전달),4.3864,4.3636,4.3636,4.3636,4.4545
1029위,3월2주차,보조금단체 회계실무 과정,보조금 단체 회계감사 사례,4.3854,4.2917,4.4583,4.3333,4.4583
1030위,7월1주차,중견리더 과정(20주차),외국어,4.3846,4.3846,4.3846,4.3846,4.3846
1031위,7월1주차,중견리더 과정(20주차),체력관리,4.3844,4.3478,4.3913,4.4348,4.3636
1032위,5월5주차,중견리더 과정(15주차),생활 속 응급처치,4.3831,4.371,4.4194,4.3387,4.4032
1033위,3월5주차,재난관리 실무 과정,자연재난 사례 및 안전관리,4.3817,4.3871,4.3333,4.3871,4.4194
1034위,7월1주차,중견리더 과정(20주차),"끝없는 도전, 도전은 계속된다",4.3802,4.3676,4.4118,4.3382,4.403
1035위,6월2주차,중견리더 과정(17주차),헌법,4.3801,4.3333,4.4211,4.3684,4.3974
1036위,6월2주차,재난관리 실무 과정,사회재난 사례 및 안전관리,4.3784,4.3784,4.4324,4.2973,4.4054
1037위,7월3주차,신규 임용(후보)자 과정(2주차),쉽게 활용하는 한글 팁,4.3768,4.3521,4.4366,4.3099,4.4085
1038위,5월4주차,중견리더 과정(14주차),실무를 위한 SNS 트렌드,4.376,4.3623,4.3913,4.3623,4.3881
1039위,2월3주차,교육 담당자 역량향상 과정,교육훈련 업무프로세스 공유 및 토론,4.375,4.375,4.375,4.375,4.375
1039위,3월2주차,보조금단체 회계실무 과정,지방보조금 관리시스템(보탬e) 활용,4.375,4.375,4.4583,4.25,4.4167
1039위,2월5주차,예산회계 실무 과정,보조금 실무,4.375,4.3929,4.3929,4.3214,4.3929
1039위,4월4주차,저수지·댐 안전관리,"저수지, 댐 안전관리법",4.375,4.3667,4.4,4.3667,4.3667
1039위,4월4주차,지역특화 관광콘텐츠 개발 과정,관광산업 트렌드의 이해,4.375,4.3,4.5,4.4,4.3
1044위,3월5주차,중견리더 과정(6주차),기후위기 이해와 미래전망,4.3734,4.3797,4.4051,4.3291,4.3797
1045위,4월2주차,신규 임용(후보)자 과정(2주차),경남의 비전과 주요정책,4.3734,4.4318,4.5116,4.2093,4.3409
1046위,7월3주차,신규 임용(후보)자 과정(2주차),핵심 엑셀 활용 팁,4.3732,4.3662,4.4366,4.2958,4.3944
1047위,7월2주차,6급 승진자 역량향상 과정,소통과 갈등관리,4.3684,4.3684,4.3158,4.4737,4.3158
1048위,5월1주차,중견리더 과정(11주차),아랍 이슬람 문화의 이해,4.3673,4.3671,4.3924,4.3544,4.3553
1049위,7월3주차,신규 임용(후보)자 과정(2주차),차세대 지방재정관리 시스템,4.364,4.3662,4.3803,4.3239,4.3857
1050위,3월3주차,신규공무원 역량향상 심화 과정,보고서 작성 실무,4.36,4.44,4.44,4.28,4.28
1051위,3월4주차,경남의 교통과 미래항공 모빌리티(AAM) 산업 과정,경남의 교통 현황 및 개선 방향,4.3594,4.375,4.375,4.5,4.1875
1052위,4월4주차,신규공무원 역량향상 심화 과정,홍보템플릿 실무,4.355,4.33,4.38,4.38,4.33
1053위,4월2주차,중견리더 과정(8주차),헌법,4.3549,4.3827,4.3902,4.3049,4.3418
1054위,7월4주차,신규 임용(후보)자 과정(3주차),"현장 적응 실습출장, 초과 등",4.3536,4.3571,4.3714,4.3429,4.3429
1055위,5월3주차,중견리더 과정(13주차),헌법,4.3496,4.3333,4.3939,4.2923,4.3788
1056위,3월5주차,중견리더 과정(6주차),2050 탄소중립 실현을 위한 우리의 역할,4.3492,4.3291,4.4051,4.3165,4.3462
1057위,3월3주차,신규공무원 역량향상 심화 과정,계약실무,4.3478,4.3478,4.3478,4.3043,4.3913
1058위,4월4주차,신규공무원 역량향상 심화 과정,보고서 작성 실무,4.3475,4.39,4.33,4.33,4.34
1059위,7월1주차,중견리더 과정(20주차),관광산업 국내외 우수사례,4.3468,4.3382,4.3676,4.3284,4.3529
1060위,5월3주차,재난관리 실무 과정,사회재난 사례 및 안전관리,4.3446,4.3243,4.2973,4.3514,4.4054
1061위,7월1주차,중견리더 과정(20주차),스마트시티의 이해,4.3433,4.3433,4.3433,4.3284,4.3582
1062위,7월1주차,중견리더 과정(20주차),이민정책 패러다임의 변화와 지방정부의 역할,4.3413,4.3077,4.375,4.3016,4.381
1063위,4월1주차,건축 실무 과정,"안전점검실무-품질, 안전",4.3333,4.2593,4.4074,4.2963,4.3704
1064위,7월2주차,6급 승진자 역량향상 과정,언론 대응 및 보고 능력 향상,4.3333,4.3158,4.3684,4.3158,4.3333
1064위,4월4주차,중견리더 과정(10주차),통기타,4.3333,4.4444,4.4444,4.1111,4.3333
1064위,7월2주차,투자유치 활성화 과정,경남의 투자유치 현황 및 활성화 방안,4.3333,4.3333,4.3333,4.3333,4.3333
1067위,7월2주차,신규 임용(후보)자 과정(1주차),Open mind / 팀빌딩,4.3301,4.3291,4.3165,4.325,4.35
1068위,7월4주차,신규 임용(후보)자 과정(3주차),슬기로운 방첩생활,4.3286,4.3286,4.3429,4.3,4.3429
1069위,7월2주차,신규 임용(후보)자 과정(1주차),경남의 도정과제공유 [시군정책 이해를 통한 공감경남 만들기],4.3281,4.3125,4.3375,4.3125,4.35
1070위,7월2주차,신규 임용(후보)자 과정(1주차),공직가치 액션러닝골든타임 119,4.327,4.3375,4.3375,4.3038,4.3291
1071위,3월4주차,중견리더 과정(5주차),이탈리아 기행,4.3252,4.321,4.3625,4.3086,4.3086
1072위,4월4주차,지역특화 관광콘텐츠 개발 과정,관광산업 국내외 우수사례,4.325,4.3,4.3,4.4,4.3
1072위,4월4주차,지역특화 관광콘텐츠 개발 과정,경남관광 방향성 모색,4.325,4.3,4.3,4.4,4.3
1074위,2월5주차,예산회계 실무 과정,차세대 지방재정관리 시스템 사용실무,4.3214,4.25,4.3571,4.2857,4.3929
1074위,6월4주차,중견리더 과정(19주차),통기타,4.3214,4.2857,4.2857,4.4286,4.2857
1076위,7월3주차,신규 임용(후보)자 과정(2주차),보고서 작성 및 기획역량 강화,4.3204,4.338,4.3521,4.2958,4.2958
1077위,4월1주차,건축 실무 과정,건축 관련 법령 및 인허가 절차의 이해,4.3184,4.2963,4.2963,4.2963,4.3846
1078위,6월2주차,재난관리 실무 과정,자연재난 사례 및 안전관리,4.3176,4.2703,4.3784,4.2432,4.3784
1079위,4월2주차,중견리더 과정(8주차),경남관광산업 활성화 방안,4.3175,4.3125,4.3625,4.2658,4.3291
1080위,4월4주차,중견리더 과정(10주차),농업의 지속가능한 발전방안,4.3163,4.3478,4.3188,4.2899,4.3088
1081위,6월4주차,중견리더 과정(19주차),"역량개발교육(구두발표, 역할수행)",4.3163,4.3061,4.3061,4.3265,4.3265
1082위,2월5주차,중견리더 과정(2주차),경남의 섬 발전방안,4.3133,4.3253,4.3855,4.241,4.3012
1083위,7월2주차,신규 임용(후보)자 과정(1주차),예산실무,4.3132,4.35,4.3625,4.2152,4.325
1084위,6월2주차,중견리더 과정(17주차),영어,4.3125,4.3125,4.3125,4.3125,4.3125
1085위,7월2주차,신규 임용(후보)자 과정(1주차),행정업무 운영실무,4.3094,4.325,4.3625,4.2125,4.3375
1086위,4월1주차,중견리더 과정(7주차),공무원 노조의 이해 및 역할,4.3086,4.3086,4.321,4.2963,4.3086
1087위,6월4주차,중견리더 과정(19주차),"역량개발교육(집단토론, 서류함기법)",4.3081,4.3061,4.3061,4.32,4.3
1088위,5월4주차,인구소멸 대응과 지역균형 발전 과정,저출생 대응 정책 및 사례,4.3056,4.2222,4.4444,4.3333,4.2222
1089위,6월2주차,신규공무원 역량향상 심화 과정,행사실무,4.3052,4.2857,4.3929,4.1852,4.3571
1090위,4월1주차,중견리더 과정(7주차),인문학으로 보는 와인,4.3052,4.3,4.3125,4.2625,4.3457
1091위,2월5주차,과장급 필수 역량향상 과정,모의과제 실습,4.3046,4.3,4.3,4.3684,4.25
1092위,7월2주차,신규 임용(후보)자 과정(1주차),성과중심 공직가치 함양,4.3041,4.3125,4.3125,4.3038,4.2875
1093위,6월1주차,"스마트 경남, 스마트 시티 과정",규제 샌드박스의 이해,4.3036,4.2857,4.3571,4.2857,4.2857
1094위,5월3주차,중견리더 과정(13주차),일본문화 및 사회의 이해,4.3033,4.3115,4.3115,4.2951,4.2951
1095위,2월5주차,중견리더 과정(2주차),중대재해처벌법의 이해,4.3012,4.3855,4.3735,4.1807,4.2651
1096위,3월2주차,중견리더 과정(3주차),공공언어의 개념 및 특성,4.3006,4.2785,4.3418,4.2658,4.3165
1097위,5월5주차,강사 양성 과정,강사의 기본 요건 1(태도 및 자세),4.3,4.3636,4.3636,4.2727,4.2
1098위,3월2주차,중견리더 과정(3주차),바른문장 쓰는 법,4.2962,4.2785,4.3333,4.2692,4.3038
1099위,4월1주차,신규 임용(후보)자 과정(1주차),세대공감 및 민원응대 역할연기,4.2889,4.2889,4.2667,4.2667,4.3333
1100위,7월3주차,신규 임용(후보)자 과정(2주차),현장학습도정과제 연계,4.2887,4.3239,4.2535,4.3239,4.2535
1101위,5월4주차,중견리더 과정(14주차),경남 도시정책 마스터플랜,4.2861,4.2917,4.274,4.25,4.3288
1102위,7월4주차,신규 임용(후보)자 과정(3주차),공무원 연금제도의 이해,4.2857,4.3143,4.2571,4.2714,4.3
1102위,2월5주차,예산회계 실무 과정,지방보조금 관리시스템 운영관리,4.2857,4.25,4.2857,4.25,4.3571
1104위,7월3주차,신규 임용(후보)자 과정(2주차),공무원 노사관계의 이해,4.2792,4.3099,4.3099,4.1972,4.3
1105위,7월4주차,신규 임용(후보)자 과정(3주차),직장 내 괴롭힘 예방,4.2786,4.2857,4.2857,4.2714,4.2714
1106위,7월3주차,중견리더 과정(22주차),통기타,4.2778,4.3333,4.3333,4.1111,4.3333
1107위,7월4주차,신규 임용(후보)자 과정(3주차),디지털‧미래대응 교육 이해 및 실습,4.2758,4.3,4.2714,4.2319,4.3
1108위,4월3주차,중견리더 과정(9주차),트라이포트 첨단 물류플랫폼 구축,4.2746,4.2817,4.338,4.1831,4.2958
1109위,3월5주차,중견리더 과정(6주차),투자유치 법령 및 제도 이해,4.2695,4.2597,4.3247,4.1818,4.3117
1110위,2월5주차,예산회계 실무 과정,지방지차단체 재정관리 및 예산의 이해,4.2679,4.25,4.3214,4.25,4.25
1111위,7월3주차,신규 임용(후보)자 과정(2주차),온나라 시스템,4.2651,4.2676,4.2958,4.1972,4.3
1112위,5월4주차,중견리더 과정(14주차),대한민국의 미래는 적극행정 실천으로,4.2649,4.2667,4.2833,4.2167,4.2931
1113위,5월3주차,신규공무원 역량향상 심화 과정,행사실무,4.2625,4.2,4.25,4.25,4.35
1114위,6월3주차,중견리더 과정(18주차),역량개발교육 이론,4.2593,4.2963,4.2778,4.2222,4.2407
1115위,7월3주차,경남의 미래산업과 일자리 과정,청년 일자리와 공공정책,4.25,4.2,4.2,4.3,4.3
1115위,2월3주차,교육 담당자 역량향상 과정,차세대 인사랑 교육훈련 기능안내,4.25,4.2222,4.2222,4.1111,4.4444
1115위,5월4주차,인구소멸 대응과 지역균형 발전 과정,지역균형 발전정책 사례,4.25,4.2222,4.3333,4.1111,4.3333
1118위,7월4주차,신규 임용(후보)자 과정(3주차),프레젠테이션과 발표,4.249,4.2319,4.2714,4.2464,4.2464
1119위,5월2주차,중견리더 과정(12주차),바람직한 공직관 실천,4.2472,4.2542,4.2203,4.1864,4.3276
1120위,7월2주차,신규 임용(후보)자 과정(1주차),경남의 비전과 주요정책,4.2344,4.225,4.325,4.0875,4.3
1121위,7월4주차,신규 임용(후보)자 과정(3주차),보고서 작성 실습,4.2321,4.2571,4.2571,4.1714,4.2429
1122위,5월5주차,강사 양성 과정,강의란 무엇인가?,4.2273,4.2727,4.0909,4.1818,4.3636
1122위,6월2주차,중견리더 과정(17주차),통기타,4.2273,4.3636,4.1818,4.1818,4.1818
1124위,7월2주차,신규 임용(후보)자 과정(1주차),세대공감 및 민원응대 역할연기,4.225,4.225,4.25,4.225,4.2
1125위,7월3주차,경남의 미래산업과 일자리 과정,경남의 미래 첨단산업 육성전략,4.2222,4.2222,4.2222,4.2222,4.2222
1125위,5월4주차,중견리더 과정(14주차),통기타,4.2222,4.2222,4.2222,4.2222,4.2222
1127위,3월4주차,경남의 교통과 미래항공 모빌리티(AAM) 산업 과정,미래항공모빌리티(AAM)의 이해,4.2188,4.125,4.1875,4.25,4.3125
1128위,3월3주차,중견리더 과정(4주차),국가재난 시스템과 선진재난 관리매뉴얼,4.2172,4.1875,4.2716,4.175,4.2346
1129위,7월4주차,신규 임용(후보)자 과정(3주차),글로벌 시민 역량,4.2153,4.2143,4.2286,4.1429,4.2754
1130위,7월2주차,신규 임용(후보)자 과정(1주차),세대공감 및 민원응대 역할연기 상황훈련 및 리허설,4.2069,4.2,4.2152,4.2125,4.2
1131위,7월2주차,신규 임용(후보)자 과정(1주차),세대공감 및 민원응대 역할연기 평가 및 공유,4.2038,4.2,4.2,4.2125,4.2025
1132위,4월2주차,중견리더 과정(8주차),다양한 원고 읽기,4.2033,4.2,4.2133,4.1867,4.2133
1133위,3월3주차,중견리더 과정(4주차),국가재난관리 정책방향과 위기관리,4.2031,4.2125,4.25,4.125,4.225
1134위,7월3주차,경남의 미래산업과 일자리 과정,산업발달과 일자리 변화,4.2,4.2,4.2,4.2,4.2
1134위,7월3주차,경남의 미래산업과 일자리 과정,경남의 일자리 발굴 방안,4.2,4.2,4.2,4.2,4.2
1136위,4월3주차,중견리더 과정(9주차),부동산PF사업의 이해,4.1966,4.1918,4.2838,4.0405,4.2703
1137위,2월4주차,보조금단체 회계실무 과정,보조금 단체 회계감사 사례,4.1932,4.2273,4.2273,4.1364,4.1818
1138위,4월4주차,저수지·댐 안전관리,계측관리 이론 및 현장적용 사례,4.1917,4.2,4.2667,4.1333,4.1667
1139위,2월5주차,과장급 필수 역량향상 과정,역량교육의 이해,4.1901,4.2,4.25,4.1,4.2105
1140위,3월2주차,중견리더 과정(3주차),정부예산의 이해 및 국비확보 대응방안,4.1856,4.137,4.2466,4.1644,4.1944
1141위,5월5주차,강사 양성 과정,강의 시연 및 피드백,4.1818,4.0909,4.1818,4.0909,4.3636
1142위,4월4주차,지역특화 관광콘텐츠 개발 과정,스트레스 완화 스트레칭,4.175,4.1,4.2,4.2,4.2
1143위,2월5주차,예산회계 실무 과정,회계 감사 지적사례,4.1696,4.1786,4.2143,4.1071,4.1786
1144위,6월2주차,중견리더 과정(17주차),다문화 사회의 이해,4.1678,4.1781,4.1644,4.1507,4.1781
1145위,4월1주차,신규 임용(후보)자 과정(1주차),행정업무 운영실무,4.1667,4.1778,4.2889,3.9556,4.2444
1146위,7월4주차,신규 임용(후보)자 과정(3주차),유형별 민원응대 기법,4.1665,4.1571,4.1571,4.1429,4.209
1147위,3월3주차,중견리더 과정(4주차),실무를 위한 SNS 트렌드,4.1642,4.1538,4.2208,4.1282,4.1538
1148위,4월2주차,중견리더 과정(8주차),실전 원고 스피치,4.1519,4.1646,4.1772,4.1266,4.1392
1149위,7월4주차,신규 임용(후보)자 과정(3주차),법령체계와 법령해석 방법론,4.1464,4.1571,4.1714,4.1143,4.1429
1150위,5월3주차,중견리더 과정(13주차),세상을 보는 눈,4.1451,4.1774,4.127,4.1148,4.1613
1151위,5월3주차,중견리더 과정(13주차),분임토의,4.1429,4.1429,4.1429,4.1429,4.1429
1152위,5월3주차,중견리더 과정(13주차),소통패턴별 스트레스 조절 및 회복탄련성 강화,4.1331,4.129,4.1613,4.0968,4.1452
1153위,5월4주차,홍보실무 과정,보조금 단체 회계감사 사례,4.1176,4.1765,4.1765,3.9412,4.1765
1154위,5월5주차,강사 양성 과정,강의계획서 및 제안서 만들기,4.1136,4.1818,4,4.0909,4.1818
1155위,3월2주차,보조금단체 회계실무 과정,보조금 실무,4.1042,4,4.2083,4.0833,4.125
1156위,5월4주차,홍보실무 과정,지방보조금 관리시스템(보탬e) 활용,4.0972,4.1111,4.1667,3.8889,4.2222
1157위,3월3주차,중견리더 과정(4주차),경남의 문화유산(통도사와 승려들),4.097,4.0506,4.175,4.025,4.1375
1158위,5월5주차,강사 양성 과정,콘텐츠 개발 및 수업설계,4.0909,4,4.0909,4,4.2727
1159위,5월3주차,중견리더 과정(13주차),민원유형별 성공적인 응대 전략,4.09,4.0893,4.1071,4.0727,4.0909
1160위,4월2주차,신규 임용(후보)자 과정(2주차),유형별 민원응대 기법,4.0739,4.1136,3.9091,4.0682,4.2045
1161위,2월5주차,예산회계 실무 과정,대한민국의 미래는 적극행정 실천으로,4.0536,4.0357,3.9643,4.0714,4.1429
1162위,4월1주차,중견리더 과정(7주차),경남의 레저스포츠 전망과 발전방안,4.0499,4.0263,4.0789,4.0132,4.0811
1163위,3월2주차,중견리더 과정(3주차),세계문화기행,4.0463,4.0247,4.0123,3.9875,4.1605
1164위,3월4주차,중견리더 과정(5주차),장애인 인식개선,4.0396,4.0366,4.0488,4,4.0732
1165위,5월1주차,중견리더 과정(11주차),통기타,4.0385,4.0769,4.0769,4,4
1166위,4월1주차,행사 실무 과정,인사말 쓰기,4.0344,4,4.2,3.9375,4
1167위,7월3주차,중견리더 과정(22주차),"지방자치의 과거와 현재, 그리고 미래",4.0315,4.0469,4.0635,3.9844,4.0313
1168위,6월1주차,중견리더 과정(16주차),통기타,4,4,4,4,4
1169위,5월4주차,홍보실무 과정,보조금 실무,3.9975,4,4.1667,3.8235,4
1170위,3월2주차,중견리더 과정(3주차),커피인문학(커피의 세계화),3.9753,3.9506,4.0125,3.9136,4.0247
1171위,5월1주차,명품 스피치 과정,PPT 발표 자료 작성 방법,3.9722,4,4,3.8889,4
1172위,4월1주차,중견리더 과정(7주차),이순신 리더십,3.9615,3.9615,4.0128,3.9231,3.9487
1173위,4월1주차,중견리더 과정(7주차),난중일기를 통해 본 이순신,3.958,3.9872,3.9615,3.9221,3.961
1174위,5월5주차,강사 양성 과정,성격유형별 효율적 의사소통,3.9545,4,4,3.9091,3.9091
1175위,4월1주차,중견리더 과정(7주차),사진,3.9523,3.9444,4.027,3.9189,3.9189
1176위,2월5주차,중견리더 과정(2주차),경남의 비전과 주요정책,3.9501,3.9882,4,3.8,4.012
1177위,5월3주차,중견리더 과정(13주차),통기타,3.9464,3.9286,3.9286,3.9286,4
1178위,5월1주차,명품 스피치 과정,PPT 발표 실습 및 피드백,3.9444,3.9444,3.9444,3.8889,4
1179위,3월2주차,중견리더 과정(3주차),커피인문학(커피의 역사),3.9413,3.9259,4,3.8519,3.9875
1180위,7월1주차,중견리더 과정(20주차),동아리 활동,3.9286,4,4,3.8571,3.8571
1181위,5월5주차,강사 양성 과정,강의안 작성 기법,3.9091,3.9091,3.8182,3.8182,4.0909
1182위,2월5주차,중견리더 과정(2주차),청렴도 종합대책 및 공무원 행동강령,3.88,3.9733,4,3.7333,3.8133
1183위,6월3주차,중견리더 과정(18주차),통기타,3.8571,3.8571,3.8571,3.8571,3.8571
1184위,4월2주차,신규 임용(후보)자 과정(2주차),인문학 특강,3.8401,3.8409,3.8605,3.75,3.9091
1185위,3월4주차,중견리더 과정(5주차),팬데믹과 국가의 역할,3.8387,3.8519,3.9012,3.7375,3.8642
1186위,5월2주차,중견리더 과정(12주차),경남의 역사적 이해(남명 조식과의 대화),3.8152,3.8108,3.8667,3.7067,3.8767
1187위,4월4주차,미래설계 과정(1주차),행정사 바로알기,3.8114,3.9048,3.8182,3.7273,3.7955
1188위,3월4주차,중견리더 과정(5주차),국토의 미래전망과 대응과제,3.7959,3.8625,3.8765,3.6667,3.7778
1189위,3월4주차,중견리더 과정(5주차),국토종합계획의 변천과 주요내용,3.7623,3.8272,3.8519,3.642,3.7284
1190위,6월2주차,중견리더 과정(17주차),중국의 기업문화(중국진출 한국 기업에 대해),3.7525,3.7778,3.7778,3.7361,3.7183
1191위,5월2주차,중견리더 과정(12주차),통기타,3.75,3.75,3.75,3.75,3.75
1192위,3월4주차,중견리더 과정(5주차),지방자치의 현재와 미래(지방자치법을 중심으로),3.7463,3.7439,3.8293,3.6341,3.7778
1193위,2월5주차,중견리더 과정(2주차),성인지와 양성평등,3.7431,3.7529,3.7412,3.6548,3.8235
1194위,4월1주차,중견리더 과정(7주차),세계문화기행Ⅱ,3.7338,3.7848,3.6923,3.7403,3.7179
1195위,6월2주차,중견리더 과정(17주차),국회입법과정의 이해,3.66,3.6667,3.6667,3.64,3.6667
1196위,3월4주차,중견리더 과정(5주차),질병이 바꾼 인류역사,3.6564,3.6667,3.7037,3.5926,3.6625
1197위,3월3주차,중견리더 과정(4주차),언론과의 효과적 소통 및 대응,3.508,3.5,3.5128,3.5128,3.5065
1198위,3월3주차,중견리더 과정(4주차),미국현대 사회와 문화의 이해,3.4146,3.3797,3.5063,3.3671,3.4051
1199위,4월2주차,중견리더 과정(8주차),인문학 특강,3.2477,3.2388,3.3939,3.1045,3.2537
